,TripNo,Longitude,Latitude,Depth
0,Trip: 1,58.160861,8.270019,0.00
1,Trip: 1,58.161151,8.270497,3.60
2,Trip: 1,58.161465,8.270990,0.00
3,Trip: 1,58.161634,8.271216,0.00
4,Trip: 1,58.161725,8.271305,0.00
5,Trip: 1,58.161821,8.271353,0.00
6,Trip: 1,58.161918,8.271349,0.00
7,Trip: 1,58.162008,8.271307,0.00
8,Trip: 1,58.162094,8.271216,0.00
9,Trip: 1,58.162164,8.271096,0.00
10,Trip: 1,58.162355,8.270436,0.00
11,Trip: 1,58.162501,8.269730,0.00
12,Trip: 1,58.162636,8.269004,0.00
13,Trip: 1,58.162770,8.268262,0.00
14,Trip: 1,58.162900,8.267506,0.00
15,Trip: 1,58.163020,8.266728,0.00
16,Trip: 1,58.163134,8.265964,0.00
17,Trip: 1,58.163226,8.265184,0.00
18,Trip: 1,58.163299,8.264483,0.00
19,Trip: 1,58.163353,8.263803,2.94
20,Trip: 1,58.163366,8.263159,2.38
21,Trip: 1,58.163504,8.262362,2.25
22,Trip: 1,58.163617,8.261563,2.53
23,Trip: 1,58.163726,8.260800,2.36
24,Trip: 1,58.163894,8.260042,2.11
25,Trip: 1,58.164096,8.259333,2.06
26,Trip: 1,58.164213,8.258955,2.04
27,Trip: 1,58.164266,8.258845,2.08
28,Trip: 1,58.164308,8.258577,1.98
29,Trip: 1,58.164516,8.257826,1.91
30,Trip: 1,58.164732,8.257084,2.13
31,Trip: 1,58.164926,8.256394,2.25
32,Trip: 1,58.165150,8.255681,2.25
33,Trip: 1,58.165363,8.254984,2.26
34,Trip: 1,58.165410,8.254872,2.17
35,Trip: 1,58.165456,8.254815,2.40
36,Trip: 1,58.165519,8.254774,1.50
37,Trip: 1,58.165455,8.254804,2.04
38,Trip: 1,58.165275,8.255337,2.25
39,Trip: 1,58.165025,8.256023,2.17
40,Trip: 1,58.164830,8.256699,2.21
41,Trip: 1,58.164626,8.257386,2.15
42,Trip: 1,58.164427,8.258136,1.91
43,Trip: 1,58.164218,8.258877,2.17
44,Trip: 1,58.164134,8.259084,2.08
45,Trip: 1,58.163955,8.259780,2.06
46,Trip: 1,58.163800,8.260515,2.06
47,Trip: 1,58.163680,8.261278,0.00
48,Trip: 1,58.163554,8.262037,0.00
49,Trip: 1,58.163440,8.262811,3.05
50,Trip: 1,58.163328,8.263616,3.05
51,Trip: 1,58.163234,8.264405,0.00
52,Trip: 1,58.163131,8.265186,0.00
53,Trip: 1,58.163008,8.265967,2.83
54,Trip: 1,58.162922,8.266774,0.00
55,Trip: 1,58.162828,8.267570,0.00
56,Trip: 1,58.162714,8.268361,0.00
57,Trip: 1,58.162579,8.269141,0.00
58,Trip: 1,58.162434,8.269873,0.00
59,Trip: 1,58.162298,8.270401,0.00
60,Trip: 1,58.162239,8.270550,0.00
61,Trip: 1,58.162165,8.270666,0.00
62,Trip: 1,58.162084,8.270750,2.45
63,Trip: 1,58.162000,8.270815,2.45
64,Trip: 1,58.161914,8.270856,2.45
65,Trip: 1,58.161825,8.270873,2.45
66,Trip: 1,58.161737,8.270867,2.45
67,Trip: 1,58.161647,8.270842,2.45
68,Trip: 1,58.161561,8.270796,2.45
69,Trip: 1,58.161475,8.270736,0.00
70,Trip: 1,58.161271,8.270505,0.00
71,Trip: 1,58.161047,8.270156,0.00
72,Trip: 1,58.160965,8.270054,5.94
73,Trip: 1,58.160621,8.269586,5.62
74,Trip: 1,58.160489,8.269391,4.76
75,Trip: 1,58.160178,8.268846,5.34
76,Trip: 1,58.160003,8.268551,4.93
77,Trip: 1,58.159676,8.268130,4.42
78,Trip: 1,58.159431,8.267908,3.50
79,Trip: 1,58.159270,8.267824,2.45
80,Trip: 1,58.159186,8.267802,1.85
81,Trip: 1,58.159159,8.267800,1.57
82,Trip: 2,59.038784,15.978409,1.14
83,Trip: 2,59.038710,15.978491,1.06
84,Trip: 2,59.038739,15.978651,1.18
85,Trip: 2,59.038741,15.978773,1.20
86,Trip: 2,59.038720,15.978961,1.29
87,Trip: 2,59.038608,15.979369,1.44
88,Trip: 2,59.038479,15.980160,1.65
89,Trip: 2,59.038286,15.980916,1.80
90,Trip: 2,59.038083,15.981657,2.00
91,Trip: 2,59.037873,15.982387,2.19
92,Trip: 2,59.037650,15.983107,2.32
93,Trip: 2,59.037425,15.983833,2.40
94,Trip: 2,59.037309,15.984134,2.41
95,Trip: 2,59.037155,15.984383,2.40
96,Trip: 2,59.036985,15.984600,2.36
97,Trip: 2,59.036709,15.984839,2.28
98,Trip: 2,59.036319,15.985099,1.66
99,Trip: 2,59.036153,15.985197,1.01
100,Trip: 2,59.036062,15.985242,1.18
101,Trip: 2,59.036020,15.985273,1.21
102,Trip: 2,59.035966,15.985332,1.18
103,Trip: 2,59.035876,15.985406,0.93
104,Trip: 2,59.035743,15.985536,1.03
105,Trip: 2,59.035624,15.985621,1.06
106,Trip: 2,59.035560,15.985649,1.16
107,Trip: 2,59.035497,15.985659,1.06
108,Trip: 2,59.035403,15.985655,1.16
109,Trip: 2,59.035310,15.985642,1.72
110,Trip: 2,59.035175,15.985649,1.16
111,Trip: 2,59.035109,15.985661,0.91
112,Trip: 2,59.035022,15.985645,0.90
113,Trip: 2,59.034888,15.985668,1.31
114,Trip: 2,59.034665,15.985734,1.01
115,Trip: 2,59.034535,15.985800,1.01
116,Trip: 2,59.034462,15.985819,0.99
117,Trip: 2,59.034376,15.985868,1.12
118,Trip: 2,59.034281,15.985885,1.23
119,Trip: 2,59.034225,15.985921,0.99
120,Trip: 2,59.034164,15.985969,1.06
121,Trip: 2,59.034029,15.986053,1.12
122,Trip: 2,59.033972,15.986104,0.97
123,Trip: 2,59.033862,15.986221,0.97
124,Trip: 2,59.033803,15.986250,1.10
125,Trip: 2,59.033695,15.986363,0.97
126,Trip: 2,59.033637,15.986426,1.05
127,Trip: 2,59.033583,15.986486,0.99
128,Trip: 2,59.033492,15.986658,0.97
129,Trip: 2,59.033436,15.986751,0.97
130,Trip: 2,59.033394,15.986853,1.01
131,Trip: 2,59.033368,15.986978,1.06
132,Trip: 2,59.033324,15.987076,1.06
133,Trip: 2,59.032953,15.987549,0.84
134,Trip: 2,59.032853,15.987704,0.82
135,Trip: 2,59.032742,15.987848,1.08
136,Trip: 2,59.032698,15.987943,1.03
137,Trip: 2,59.032634,15.988007,1.05
138,Trip: 2,59.032559,15.988142,0.97
139,Trip: 2,59.032427,15.988512,1.06
140,Trip: 2,59.032378,15.988601,0.91
141,Trip: 2,59.032271,15.988668,1.16
142,Trip: 2,59.032178,15.988737,0.90
143,Trip: 2,59.032098,15.988737,0.63
144,Trip: 2,59.031924,15.988750,0.84
145,Trip: 2,59.031857,15.988737,0.93
146,Trip: 2,59.031786,15.988719,0.93
147,Trip: 2,59.031702,15.988768,1.14
148,Trip: 2,59.031658,15.988865,1.05
149,Trip: 2,59.031622,15.988977,0.88
150,Trip: 2,59.031578,15.989070,0.73
151,Trip: 2,59.031475,15.989230,0.84
152,Trip: 2,59.031417,15.989377,0.90
153,Trip: 2,59.031368,15.989461,0.97
154,Trip: 2,59.031316,15.989534,1.03
155,Trip: 2,59.031244,15.989658,0.90
156,Trip: 2,59.031157,15.989741,1.18
157,Trip: 2,59.031099,15.989803,1.40
158,Trip: 2,59.031005,15.989883,1.44
159,Trip: 2,59.030934,15.989916,1.72
160,Trip: 2,59.030856,15.989932,2.55
161,Trip: 2,59.030778,15.989932,3.43
162,Trip: 2,59.030581,15.989897,4.05
163,Trip: 2,59.030148,15.989878,4.46
164,Trip: 2,59.029853,15.989886,4.89
165,Trip: 2,59.029424,15.989954,5.51
166,Trip: 2,59.028999,15.990054,5.94
167,Trip: 2,59.028779,15.990139,6.20
168,Trip: 2,59.028403,15.990317,7.01
169,Trip: 2,59.028094,15.990445,8.32
170,Trip: 2,59.028014,15.990469,8.66
171,Trip: 2,59.027623,15.990613,9.11
172,Trip: 2,59.027548,15.990642,9.18
173,Trip: 2,59.027161,15.990779,9.33
174,Trip: 2,59.026780,15.990963,9.33
175,Trip: 2,59.026405,15.991175,8.36
176,Trip: 2,59.026037,15.991398,8.13
177,Trip: 2,59.025663,15.991646,8.21
178,Trip: 2,59.025590,15.991697,8.28
179,Trip: 2,59.025519,15.991735,8.28
180,Trip: 2,59.025165,15.991989,8.55
181,Trip: 2,59.024729,15.992199,9.22
182,Trip: 2,59.024654,15.992217,9.45
183,Trip: 2,59.024508,15.992276,9.86
184,Trip: 2,59.024436,15.992317,10.05
185,Trip: 2,59.024362,15.992346,10.20
186,Trip: 2,59.024145,15.992445,10.80
187,Trip: 2,59.023856,15.992626,11.36
188,Trip: 2,59.023716,15.992755,11.43
189,Trip: 2,59.023360,15.993286,11.58
190,Trip: 2,59.023032,15.993852,11.73
191,Trip: 2,59.022724,15.994463,11.66
192,Trip: 2,59.022461,15.994989,11.10
193,Trip: 2,59.022187,15.995536,10.01
194,Trip: 2,59.021916,15.996117,8.58
195,Trip: 2,59.021658,15.996743,7.76
196,Trip: 2,59.021411,15.997419,7.16
197,Trip: 2,59.021273,15.997827,7.38
198,Trip: 2,59.021189,15.998019,7.38
199,Trip: 2,59.020995,15.998658,7.53
200,Trip: 2,59.020782,15.999355,7.08
201,Trip: 2,59.020576,15.999992,6.48
202,Trip: 2,59.020311,16.000689,6.18
203,Trip: 2,59.020074,16.001349,4.95
204,Trip: 2,59.019856,16.001976,4.50
205,Trip: 2,59.019726,16.002414,3.97
206,Trip: 2,59.019697,16.002485,3.93
207,Trip: 2,59.019668,16.002582,3.97
208,Trip: 2,59.019637,16.002789,3.84
209,Trip: 2,59.019682,16.003330,2.92
210,Trip: 2,59.019661,16.003468,3.31
211,Trip: 2,59.019636,16.003519,3.01
212,Trip: 3,60.406305,22.023059,6.56
213,Trip: 3,60.406389,22.023071,5.58
214,Trip: 3,60.406470,22.022992,6.90
215,Trip: 3,60.406555,22.022969,7.68
216,Trip: 3,60.406641,22.022971,8.13
217,Trip: 3,60.406765,22.022959,7.53
218,Trip: 3,60.406852,22.022963,7.42
219,Trip: 3,60.406938,22.022956,8.73
220,Trip: 3,60.407021,22.023005,9.63
221,Trip: 3,60.407103,22.023035,10.23
222,Trip: 3,60.407169,22.023143,10.23
223,Trip: 3,60.407249,22.023202,10.23
224,Trip: 3,60.407334,22.023242,10.38
225,Trip: 3,60.407419,22.023273,10.83
226,Trip: 3,60.407506,22.023267,10.98
227,Trip: 3,60.407567,22.023295,11.13
228,Trip: 3,60.407655,22.023317,11.43
229,Trip: 3,60.407738,22.023353,11.58
230,Trip: 3,60.407817,22.023428,11.73
231,Trip: 3,60.407900,22.023425,12.03
232,Trip: 3,60.407978,22.023486,12.33
233,Trip: 3,60.408061,22.023526,12.60
234,Trip: 3,60.408121,22.023539,12.63
235,Trip: 3,60.408198,22.023466,12.93
236,Trip: 3,60.408145,22.023359,13.23
237,Trip: 3,60.408077,22.023350,13.12
238,Trip: 3,60.408001,22.023324,12.93
239,Trip: 3,60.407927,22.023280,13.01
240,Trip: 3,60.407828,22.023174,12.97
241,Trip: 3,60.407692,22.023053,12.78
242,Trip: 3,60.407595,22.022936,12.82
243,Trip: 3,60.407504,22.022790,13.16
244,Trip: 3,60.407340,22.022599,13.87
245,Trip: 3,60.407150,22.022422,13.87
246,Trip: 3,60.407058,22.022365,14.13
247,Trip: 3,60.406973,22.022328,14.28
248,Trip: 3,60.406909,22.022321,14.77
249,Trip: 3,60.406904,22.022477,13.83
250,Trip: 3,60.406908,22.022653,12.78
251,Trip: 3,60.406932,22.022816,11.25
252,Trip: 3,60.407010,22.022880,10.83
253,Trip: 3,60.407092,22.022929,10.68
254,Trip: 3,60.407179,22.022932,10.98
255,Trip: 3,60.407243,22.022953,11.13
256,Trip: 3,60.407321,22.023001,11.28
257,Trip: 3,60.407413,22.023032,11.58
258,Trip: 3,60.407528,22.023061,12.03
259,Trip: 3,60.407614,22.023073,12.18
260,Trip: 3,60.407725,22.023120,12.48
261,Trip: 3,60.407810,22.023153,12.78
262,Trip: 3,60.407872,22.023155,13.08
263,Trip: 3,60.408013,22.023171,13.57
264,Trip: 3,60.408075,22.023160,13.61
265,Trip: 3,60.408162,22.023163,13.57
266,Trip: 3,60.408250,22.023136,13.68
267,Trip: 3,60.408299,22.023047,13.98
268,Trip: 3,60.408325,22.022901,14.21
269,Trip: 3,60.408311,22.022745,14.43
270,Trip: 3,60.408246,22.022637,14.81
271,Trip: 3,60.408163,22.022644,14.66
272,Trip: 3,60.408001,22.022699,14.66
273,Trip: 3,60.407939,22.022708,14.66
274,Trip: 3,60.407719,22.022695,0.00
275,Trip: 3,60.407654,22.022696,0.00
276,Trip: 3,60.407209,22.022625,0.00
277,Trip: 3,60.406827,22.022511,0.00
278,Trip: 3,60.406660,22.022488,12.65
279,Trip: 3,60.406597,22.022499,13.27
280,Trip: 3,60.406531,22.022532,13.01
281,Trip: 3,60.406600,22.022546,12.18
282,Trip: 3,60.406689,22.022516,12.48
283,Trip: 3,60.406774,22.022540,12.78
284,Trip: 3,60.406863,22.022547,12.93
285,Trip: 3,60.406946,22.022556,13.08
286,Trip: 3,60.407087,22.022625,13.08
287,Trip: 3,60.407178,22.022661,13.08
288,Trip: 3,60.407260,22.022700,13.08
289,Trip: 3,60.407339,22.022753,13.08
290,Trip: 3,60.407455,22.022781,13.38
291,Trip: 3,60.407516,22.022781,13.38
292,Trip: 3,60.407580,22.022802,13.50
293,Trip: 3,60.407957,22.023243,13.01
294,Trip: 3,60.408010,22.023302,13.01
295,Trip: 3,60.408387,22.023700,0.00
296,Trip: 3,60.408754,22.024159,0.00
297,Trip: 3,60.408807,22.024235,0.00
298,Trip: 3,60.408922,22.024359,0.00
299,Trip: 3,60.408975,22.024435,0.00
300,Trip: 3,60.409100,22.024572,0.00
301,Trip: 3,60.409436,22.025113,0.00
302,Trip: 3,60.409742,22.025728,0.00
303,Trip: 3,60.410046,22.026372,0.00
304,Trip: 3,60.410342,22.027037,0.00
305,Trip: 3,60.410642,22.027706,0.00
306,Trip: 3,60.410937,22.028340,0.00
307,Trip: 3,60.411219,22.028975,0.00
308,Trip: 3,60.411332,22.029295,0.00
309,Trip: 3,60.411592,22.029986,0.00
310,Trip: 3,60.411619,22.030071,0.00
311,Trip: 3,60.411706,22.030277,0.00
312,Trip: 3,60.411793,22.030545,0.00
313,Trip: 3,60.411879,22.031055,0.00
314,Trip: 3,60.411930,22.031903,0.00
315,Trip: 3,60.411940,22.032144,0.00
316,Trip: 3,60.411929,22.032377,0.00
317,Trip: 3,60.411758,22.033200,0.00
318,Trip: 3,60.411538,22.033989,0.00
319,Trip: 3,60.411368,22.034621,0.00
320,Trip: 3,60.411325,22.034961,0.00
321,Trip: 3,60.411371,22.035550,0.00
322,Trip: 3,60.411477,22.036023,6.58
323,Trip: 3,60.411522,22.036119,6.52
324,Trip: 3,60.411580,22.036168,6.39
325,Trip: 3,60.411634,22.036195,6.26
326,Trip: 3,60.411696,22.036230,6.05
327,Trip: 3,60.411783,22.036242,5.70
328,Trip: 3,60.411869,22.036264,5.36
329,Trip: 3,60.411955,22.036294,4.95
330,Trip: 3,60.412069,22.036312,4.78
331,Trip: 3,60.412155,22.036291,4.65
332,Trip: 3,60.412247,22.036276,4.61
333,Trip: 3,60.412312,22.036275,4.68
334,Trip: 3,60.412377,22.036264,4.83
335,Trip: 3,60.412461,22.036239,5.06
336,Trip: 3,60.412548,22.036222,5.38
337,Trip: 3,60.412636,22.036234,5.51
338,Trip: 3,60.412753,22.036253,5.70
339,Trip: 3,60.412811,22.036274,5.75
340,Trip: 3,60.412872,22.036360,5.75
341,Trip: 3,60.412926,22.036505,5.56
342,Trip: 3,60.412966,22.036686,5.32
343,Trip: 3,60.412984,22.036808,5.10
344,Trip: 3,60.413041,22.036937,4.78
345,Trip: 3,60.413092,22.037014,4.74
346,Trip: 3,60.413160,22.037147,4.70
347,Trip: 3,60.413239,22.037154,4.85
348,Trip: 3,60.413326,22.037208,5.11
349,Trip: 3,60.413328,22.037365,4.53
350,Trip: 3,60.413395,22.037445,4.12
351,Trip: 3,60.413482,22.037445,4.63
352,Trip: 3,60.413548,22.037385,6.07
353,Trip: 3,60.413638,22.037389,6.73
354,Trip: 3,60.413698,22.037425,7.01
355,Trip: 3,60.413765,22.037539,7.31
356,Trip: 3,60.413798,22.037702,7.10
357,Trip: 3,60.413793,22.037877,6.88
358,Trip: 3,60.413817,22.038037,6.65
359,Trip: 3,60.413873,22.038087,7.61
360,Trip: 3,60.413962,22.038100,7.68
361,Trip: 3,60.414028,22.038097,7.76
362,Trip: 3,60.414145,22.038118,7.65
363,Trip: 3,60.414334,22.038194,7.57
364,Trip: 3,60.414746,22.038412,0.00
365,Trip: 3,60.415062,22.038630,0.00
366,Trip: 3,60.415470,22.038981,2.83
367,Trip: 3,60.415849,22.039365,0.00
368,Trip: 3,60.415924,22.039428,0.00
369,Trip: 3,60.415976,22.039453,0.00
370,Trip: 3,60.416067,22.039514,0.00
371,Trip: 3,60.416168,22.039565,0.00
372,Trip: 3,60.416270,22.039633,0.00
373,Trip: 3,60.416333,22.039664,0.00
374,Trip: 3,60.416709,22.039920,0.00
375,Trip: 3,60.416837,22.040002,0.00
376,Trip: 3,60.416966,22.040112,0.00
377,Trip: 3,60.417027,22.040179,0.00
378,Trip: 3,60.417093,22.040240,0.00
379,Trip: 3,60.417345,22.040551,0.00
380,Trip: 3,60.417519,22.040824,0.00
381,Trip: 3,60.417781,22.041380,0.00
382,Trip: 3,60.417984,22.041907,0.00
383,Trip: 3,60.418210,22.042662,0.00
384,Trip: 3,60.418398,22.043289,0.00
385,Trip: 3,60.418601,22.043977,0.00
386,Trip: 3,60.418826,22.044668,0.00
387,Trip: 3,60.419064,22.045348,0.00
388,Trip: 3,60.419309,22.046026,0.00
389,Trip: 3,60.419543,22.046688,0.00
390,Trip: 3,60.419791,22.047363,0.00
391,Trip: 3,60.420027,22.048063,0.00
392,Trip: 3,60.420270,22.048780,0.00
393,Trip: 3,60.420504,22.049465,0.00
394,Trip: 3,60.420740,22.050157,0.00
395,Trip: 3,60.420964,22.050838,0.00
396,Trip: 3,60.421176,22.051526,0.00
397,Trip: 3,60.421388,22.052222,0.00
398,Trip: 3,60.421601,22.052899,0.00
399,Trip: 3,60.421829,22.053580,0.00
400,Trip: 3,60.422042,22.054277,0.00
401,Trip: 3,60.422248,22.054976,0.00
402,Trip: 3,60.422464,22.055693,0.00
403,Trip: 3,60.422669,22.056390,0.00
404,Trip: 3,60.422879,22.057070,0.00
405,Trip: 3,60.423089,22.057749,0.00
406,Trip: 3,60.423291,22.058552,0.00
407,Trip: 3,60.423474,22.059346,0.00
408,Trip: 3,60.423654,22.060143,0.00
409,Trip: 3,60.423822,22.060963,0.00
410,Trip: 3,60.423952,22.061825,0.00
411,Trip: 3,60.424057,22.062671,0.00
412,Trip: 3,60.424153,22.063532,0.00
413,Trip: 3,60.424260,22.064355,0.00
414,Trip: 3,60.424348,22.065184,0.00
415,Trip: 3,60.424442,22.066023,0.00
416,Trip: 3,60.424485,22.066892,0.00
417,Trip: 3,60.424469,22.067747,0.00
418,Trip: 3,60.424405,22.068602,0.00
419,Trip: 3,60.424333,22.069429,0.00
420,Trip: 3,60.424288,22.070334,0.00
421,Trip: 3,60.424303,22.071188,0.00
422,Trip: 3,60.424354,22.071735,0.00
423,Trip: 3,60.424523,22.072538,0.00
424,Trip: 3,60.424706,22.073243,0.00
425,Trip: 3,60.424920,22.073949,0.00
426,Trip: 3,60.425089,22.074662,0.00
427,Trip: 3,60.425303,22.075373,0.00
428,Trip: 3,60.425477,22.076059,0.00
429,Trip: 3,60.425660,22.076728,0.00
430,Trip: 3,60.425859,22.077456,0.00
431,Trip: 3,60.426054,22.078184,0.00
432,Trip: 3,60.426251,22.078979,0.00
433,Trip: 3,60.426413,22.079764,0.00
434,Trip: 3,60.426580,22.080539,0.00
435,Trip: 3,60.426752,22.081276,0.00
436,Trip: 3,60.426925,22.081926,0.00
437,Trip: 3,60.427063,22.082772,0.00
438,Trip: 3,60.427194,22.083538,0.00
439,Trip: 3,60.427331,22.084369,0.00
440,Trip: 3,60.427451,22.085177,0.00
441,Trip: 3,60.427566,22.085968,0.00
442,Trip: 3,60.427625,22.086356,0.00
443,Trip: 3,60.427749,22.087151,0.00
444,Trip: 3,60.427879,22.087929,0.00
445,Trip: 3,60.428020,22.088788,0.00
446,Trip: 3,60.428163,22.089553,0.00
447,Trip: 3,60.428268,22.090365,0.00
448,Trip: 3,60.428388,22.091234,0.00
449,Trip: 3,60.428517,22.092102,0.00
450,Trip: 3,60.428648,22.092844,0.00
451,Trip: 3,60.428784,22.093623,0.00
452,Trip: 3,60.428909,22.094448,0.00
453,Trip: 3,60.429052,22.095278,0.00
454,Trip: 3,60.429182,22.095997,0.00
455,Trip: 3,60.429331,22.096709,0.00
456,Trip: 3,60.429520,22.097363,0.00
457,Trip: 3,60.429747,22.098051,0.00
458,Trip: 3,60.429987,22.098731,0.00
459,Trip: 3,60.430236,22.099388,0.00
460,Trip: 3,60.430499,22.100042,0.00
461,Trip: 3,60.430777,22.100693,0.00
462,Trip: 3,60.431051,22.101339,0.00
463,Trip: 3,60.431329,22.101974,0.00
464,Trip: 3,60.431589,22.102657,0.00
465,Trip: 3,60.431839,22.103398,0.00
466,Trip: 3,60.432072,22.104156,0.00
467,Trip: 3,60.432286,22.104946,0.00
468,Trip: 3,60.432488,22.105745,0.00
469,Trip: 3,60.432716,22.106503,0.00
470,Trip: 3,60.432925,22.107118,0.00
471,Trip: 3,60.433116,22.107735,0.00
472,Trip: 3,60.433293,22.108405,0.00
473,Trip: 3,60.433455,22.109082,0.00
474,Trip: 3,60.433607,22.109773,0.00
475,Trip: 3,60.433768,22.110445,0.00
476,Trip: 3,60.433951,22.111115,0.00
477,Trip: 3,60.434146,22.111735,0.00
478,Trip: 3,60.434328,22.112383,0.00
479,Trip: 3,60.434490,22.113052,0.00
480,Trip: 3,60.434643,22.113723,0.00
481,Trip: 3,60.434832,22.114534,0.00
482,Trip: 3,60.435004,22.115289,0.00
483,Trip: 3,60.435176,22.116008,0.00
484,Trip: 3,60.435335,22.116749,0.00
485,Trip: 3,60.435493,22.117501,0.00
486,Trip: 3,60.435656,22.118239,0.00
487,Trip: 3,60.435822,22.118962,0.00
488,Trip: 3,60.435980,22.119679,0.00
489,Trip: 3,60.436141,22.120388,0.00
490,Trip: 3,60.436301,22.121099,0.00
491,Trip: 3,60.436433,22.121824,0.00
492,Trip: 3,60.436544,22.122566,0.00
493,Trip: 3,60.436654,22.123350,0.00
494,Trip: 3,60.436729,22.124123,0.00
495,Trip: 3,60.436790,22.124922,0.00
496,Trip: 3,60.436855,22.125789,0.00
497,Trip: 3,60.436909,22.126636,0.00
498,Trip: 3,60.436957,22.127525,0.00
499,Trip: 3,60.436999,22.128414,0.00
500,Trip: 3,60.437025,22.129322,0.00
501,Trip: 3,60.437058,22.130222,0.00
502,Trip: 3,60.437083,22.131102,0.00
503,Trip: 3,60.437125,22.131994,0.00
504,Trip: 3,60.437167,22.132863,0.00
505,Trip: 3,60.437203,22.133759,0.00
506,Trip: 3,60.437219,22.134659,0.00
507,Trip: 3,60.437290,22.135539,0.00
508,Trip: 3,60.437356,22.136417,0.00
509,Trip: 3,60.437405,22.137298,0.00
510,Trip: 3,60.437463,22.138199,0.00
511,Trip: 3,60.437504,22.139088,0.00
512,Trip: 3,60.437551,22.139963,0.00
513,Trip: 3,60.437582,22.140804,0.00
514,Trip: 3,60.437631,22.141581,0.00
515,Trip: 3,60.437694,22.142383,0.00
516,Trip: 3,60.437728,22.143196,0.00
517,Trip: 3,60.437807,22.144085,0.00
518,Trip: 3,60.437895,22.144869,0.00
519,Trip: 3,60.437990,22.145664,0.00
520,Trip: 3,60.438081,22.146474,0.00
521,Trip: 3,60.438155,22.147281,0.00
522,Trip: 3,60.438242,22.148107,0.00
523,Trip: 3,60.438316,22.148950,0.00
524,Trip: 3,60.438376,22.149849,0.00
525,Trip: 3,60.438427,22.150585,0.00
526,Trip: 3,60.438497,22.151303,0.00
527,Trip: 3,60.438606,22.152187,0.00
528,Trip: 3,60.438737,22.153045,105.80
529,Trip: 3,60.438844,22.153764,105.80
530,Trip: 3,60.438927,22.154502,0.00
531,Trip: 3,60.438996,22.155229,0.00
532,Trip: 3,60.439078,22.155944,0.00
533,Trip: 3,60.439190,22.156648,0.00
534,Trip: 3,60.439318,22.157476,0.00
535,Trip: 3,60.439430,22.158267,0.00
536,Trip: 3,60.439527,22.159081,0.00
537,Trip: 3,60.439584,22.159962,0.00
538,Trip: 3,60.439643,22.160815,0.00
539,Trip: 3,60.439717,22.161655,0.00
540,Trip: 3,60.439786,22.162530,0.00
541,Trip: 3,60.439841,22.163374,0.00
542,Trip: 3,60.439889,22.164243,0.00
543,Trip: 3,60.439965,22.165100,0.00
544,Trip: 3,60.440052,22.165941,0.00
545,Trip: 3,60.440149,22.166762,0.00
546,Trip: 3,60.440218,22.167623,0.00
547,Trip: 3,60.440277,22.168489,0.00
548,Trip: 3,60.440302,22.169352,0.00
549,Trip: 3,60.440329,22.170195,0.00
550,Trip: 3,60.440361,22.171047,0.00
551,Trip: 3,60.440382,22.171786,0.00
552,Trip: 3,60.440391,22.172695,0.00
553,Trip: 3,60.440402,22.173435,0.00
554,Trip: 3,60.440430,22.174168,0.00
555,Trip: 3,60.440458,22.175048,0.00
556,Trip: 3,60.440497,22.175955,0.00
557,Trip: 3,60.440558,22.176852,0.00
558,Trip: 3,60.440615,22.177575,0.00
559,Trip: 3,60.440691,22.178289,0.00
560,Trip: 3,60.440775,22.179006,0.00
561,Trip: 3,60.440887,22.179874,0.00
562,Trip: 3,60.441004,22.180740,0.00
563,Trip: 3,60.441131,22.181573,0.00
564,Trip: 3,60.441294,22.182402,0.00
565,Trip: 3,60.441455,22.183244,0.00
566,Trip: 3,60.441604,22.184057,0.00
567,Trip: 3,60.441790,22.184825,0.00
568,Trip: 3,60.441920,22.185327,0.00
569,Trip: 3,60.441950,22.185403,0.00
570,Trip: 3,60.442177,22.186177,0.00
571,Trip: 3,60.442409,22.186945,0.00
572,Trip: 3,60.442625,22.187662,0.00
573,Trip: 3,60.442815,22.188348,0.00
574,Trip: 3,60.442841,22.188470,0.00
575,Trip: 3,60.442876,22.188573,0.00
576,Trip: 3,60.443049,22.189333,0.00
577,Trip: 3,60.443071,22.189444,0.00
578,Trip: 3,60.443281,22.190229,0.00
579,Trip: 3,60.443499,22.190874,0.00
580,Trip: 3,60.443789,22.191538,0.00
581,Trip: 3,60.444089,22.192136,0.00
582,Trip: 3,60.444384,22.192805,0.00
583,Trip: 3,60.444411,22.192891,0.00
584,Trip: 3,60.444671,22.193586,0.00
585,Trip: 3,60.444876,22.194249,0.00
586,Trip: 3,60.444895,22.194349,0.00
587,Trip: 3,60.444920,22.194429,0.00
588,Trip: 3,60.444936,22.194517,0.00
589,Trip: 3,60.445010,22.194768,0.00
590,Trip: 3,60.445028,22.194857,0.00
591,Trip: 3,60.445078,22.195047,0.00
592,Trip: 3,60.445232,22.195875,0.00
593,Trip: 3,60.445367,22.196703,0.00
594,Trip: 3,60.445481,22.197494,0.00
595,Trip: 3,60.445541,22.198377,0.00
596,Trip: 3,60.445508,22.199237,0.00
597,Trip: 3,60.445403,22.200038,0.00
598,Trip: 3,60.445211,22.200812,0.00
599,Trip: 3,60.444964,22.201521,0.00
600,Trip: 3,60.444639,22.202146,0.00
601,Trip: 3,60.444322,22.202730,0.00
602,Trip: 3,60.444004,22.203317,0.00
603,Trip: 3,60.443811,22.203680,0.00
604,Trip: 3,60.443738,22.203780,0.00
605,Trip: 3,60.443428,22.204318,0.00
606,Trip: 3,60.443127,22.204880,0.00
607,Trip: 3,60.442999,22.205133,0.00
608,Trip: 3,60.442893,22.205300,0.00
609,Trip: 3,60.442853,22.205349,0.00
610,Trip: 3,60.442644,22.205708,0.00
611,Trip: 3,60.442601,22.205765,0.00
612,Trip: 3,60.442532,22.205861,0.00
613,Trip: 3,60.442422,22.205987,0.00
614,Trip: 3,60.442234,22.206151,0.00
615,Trip: 3,60.441824,22.206399,0.00
616,Trip: 3,60.441522,22.206552,0.00
617,Trip: 3,60.441384,22.206603,0.00
618,Trip: 3,60.441227,22.206637,0.00
619,Trip: 3,60.440805,22.206654,0.00
620,Trip: 3,60.440372,22.206596,0.00
621,Trip: 3,60.439935,22.206593,0.00
622,Trip: 3,60.439517,22.206573,0.00
623,Trip: 3,60.439107,22.206551,0.00
624,Trip: 3,60.438699,22.206562,0.00
625,Trip: 3,60.438288,22.206574,0.00
626,Trip: 3,60.437878,22.206572,0.00
627,Trip: 3,60.437754,22.206574,0.00
628,Trip: 3,60.437586,22.206606,0.00
629,Trip: 3,60.437169,22.206732,0.00
630,Trip: 3,60.436750,22.206824,0.00
631,Trip: 3,60.436414,22.206933,0.00
632,Trip: 3,60.436205,22.207043,0.00
633,Trip: 3,60.435904,22.207294,0.00
634,Trip: 3,60.435818,22.207405,0.00
635,Trip: 3,60.435452,22.207933,0.00
636,Trip: 3,60.435370,22.208065,0.00
637,Trip: 3,60.435321,22.208130,0.00
638,Trip: 3,60.435150,22.208413,0.00
639,Trip: 3,60.434974,22.208890,0.00
640,Trip: 3,60.434795,22.209592,0.00
641,Trip: 3,60.434681,22.210390,0.00
642,Trip: 3,60.434594,22.211216,0.00
643,Trip: 3,60.434535,22.211996,0.00
644,Trip: 3,60.434476,22.212849,0.00
645,Trip: 3,60.434368,22.213732,0.00
646,Trip: 3,60.434240,22.214513,0.00
647,Trip: 3,60.434068,22.215294,0.00
648,Trip: 3,60.433890,22.216048,0.00
649,Trip: 3,60.433715,22.216818,0.00
650,Trip: 3,60.433556,22.217641,0.00
651,Trip: 3,60.433374,22.218392,0.00
652,Trip: 3,60.433182,22.219130,0.00
653,Trip: 3,60.432976,22.219846,0.00
654,Trip: 3,60.432784,22.220601,0.00
655,Trip: 3,60.432720,22.220876,0.00
656,Trip: 3,60.432526,22.221673,0.00
657,Trip: 3,60.432377,22.222469,0.00
658,Trip: 3,60.432189,22.223248,0.00
659,Trip: 3,60.432056,22.223855,0.00
660,Trip: 3,60.432030,22.223938,0.00
661,Trip: 3,60.431987,22.224135,0.00
662,Trip: 3,60.431782,22.224939,0.00
663,Trip: 3,60.431539,22.225700,0.00
664,Trip: 3,60.431282,22.226439,0.00
665,Trip: 3,60.430988,22.227114,0.00
666,Trip: 3,60.430894,22.227323,0.00
667,Trip: 3,60.430642,22.228013,0.00
668,Trip: 3,60.430376,22.228688,0.00
669,Trip: 3,60.430314,22.228839,0.00
670,Trip: 3,60.430281,22.228903,0.00
671,Trip: 3,60.430203,22.229020,0.00
672,Trip: 3,60.430118,22.229102,0.00
673,Trip: 3,60.430038,22.229161,0.00
674,Trip: 3,60.429995,22.229182,0.00
675,Trip: 3,60.429946,22.229192,0.00
676,Trip: 3,60.429901,22.229209,0.00
677,Trip: 3,60.429813,22.229231,0.00
678,Trip: 3,60.429769,22.229228,0.00
679,Trip: 3,60.429618,22.229228,0.00
680,Trip: 3,60.429569,22.229223,0.00
681,Trip: 3,60.429415,22.229214,0.00
682,Trip: 3,60.429344,22.229239,0.00
683,Trip: 3,60.429322,22.229378,0.00
684,Trip: 3,60.429387,22.229433,3.97
685,Trip: 3,60.429456,22.229395,3.93
686,Trip: 3,60.429599,22.229297,3.93
687,Trip: 3,60.429691,22.229252,3.88
688,Trip: 3,60.429789,22.229222,3.88
689,Trip: 3,60.430063,22.229174,0.00
690,Trip: 3,60.430163,22.229141,0.00
691,Trip: 3,60.430294,22.229071,0.00
692,Trip: 3,60.430665,22.228793,0.00
693,Trip: 3,60.430814,22.228710,0.00
694,Trip: 3,60.431130,22.228575,0.00
695,Trip: 3,60.431563,22.228407,0.00
696,Trip: 3,60.431640,22.228386,0.00
697,Trip: 3,60.431761,22.228369,0.00
698,Trip: 3,60.431839,22.228374,0.00
699,Trip: 3,60.431918,22.228394,0.00
700,Trip: 3,60.431993,22.228425,0.00
701,Trip: 3,60.432069,22.228470,0.00
702,Trip: 3,60.432143,22.228528,0.00
703,Trip: 3,60.432254,22.228639,0.00
704,Trip: 3,60.432290,22.228712,0.00
705,Trip: 3,60.432407,22.228856,0.00
706,Trip: 3,60.432480,22.228965,0.00
707,Trip: 3,60.432768,22.229541,0.00
708,Trip: 3,60.433034,22.230216,0.00
709,Trip: 3,60.433186,22.230644,0.00
710,Trip: 3,60.433243,22.230864,0.00
711,Trip: 3,60.433467,22.231581,0.00
712,Trip: 3,60.433735,22.232243,0.00
713,Trip: 3,60.434012,22.232906,0.00
714,Trip: 3,60.434300,22.233555,0.00
715,Trip: 3,60.434595,22.234189,0.00
716,Trip: 3,60.434907,22.234792,0.00
717,Trip: 3,60.435145,22.235248,0.00
718,Trip: 3,60.435417,22.235970,0.00
719,Trip: 3,60.435677,22.236663,0.00
720,Trip: 3,60.435924,22.237349,7.68
721,Trip: 3,60.436040,22.237853,7.38
722,Trip: 3,60.436119,22.238071,7.38
723,Trip: 3,60.436301,22.238472,7.23
724,Trip: 3,60.436572,22.239104,7.31
725,Trip: 3,60.436790,22.239553,7.23
726,Trip: 3,60.436850,22.239651,7.23
727,Trip: 3,60.436927,22.239822,7.38
728,Trip: 3,60.436995,22.239839,7.23
729,Trip: 3,60.437021,22.239680,7.98
730,Trip: 3,60.436967,22.239603,7.95
731,Trip: 3,60.436904,22.239531,7.98
732,Trip: 3,60.436862,22.239429,7.98
733,Trip: 3,60.436798,22.239150,7.98
734,Trip: 3,60.436637,22.238704,7.83
735,Trip: 3,60.436551,22.238551,7.83
736,Trip: 3,60.436412,22.238172,7.91
737,Trip: 3,60.436332,22.238060,7.98
738,Trip: 3,60.436245,22.238023,7.98
739,Trip: 3,60.436163,22.238075,7.38
740,Trip: 3,60.436001,22.238446,7.23
741,Trip: 3,60.435951,22.238518,7.27
742,Trip: 3,60.435990,22.238384,7.23
743,Trip: 3,60.435861,22.237519,7.83
744,Trip: 3,60.435709,22.236726,7.23
745,Trip: 3,60.435583,22.236143,7.08
746,Trip: 3,60.435321,22.235499,7.38
747,Trip: 3,60.435051,22.234830,7.23
748,Trip: 3,60.434826,22.234134,7.16
749,Trip: 3,60.434599,22.233361,7.16
750,Trip: 3,60.434415,22.232811,7.16
751,Trip: 3,60.434117,22.232160,8.32
752,Trip: 3,60.433839,22.231469,8.51
753,Trip: 3,60.433660,22.230902,8.13
754,Trip: 3,60.433501,22.230355,8.13
755,Trip: 3,60.433358,22.230037,8.10
756,Trip: 3,60.433022,22.229446,8.43
757,Trip: 3,60.432660,22.228909,7.87
758,Trip: 3,60.432362,22.228491,6.48
759,Trip: 3,60.432231,22.228372,6.48
760,Trip: 3,60.432148,22.228322,0.00
761,Trip: 3,60.432034,22.228276,0.00
762,Trip: 3,60.431891,22.228240,0.00
763,Trip: 3,60.431805,22.228236,0.00
764,Trip: 3,60.431713,22.228249,2.49
765,Trip: 3,60.431298,22.228415,0.00
766,Trip: 3,60.431123,22.228505,0.00
767,Trip: 3,60.430708,22.228773,0.00
768,Trip: 3,60.430296,22.229059,0.00
769,Trip: 3,60.430133,22.229188,3.75
770,Trip: 3,60.430021,22.229255,3.75
771,Trip: 3,60.429784,22.229334,0.00
772,Trip: 3,60.429699,22.229384,0.00
773,Trip: 3,60.429400,22.229630,0.00
774,Trip: 3,60.428986,22.229864,0.00
775,Trip: 3,60.428577,22.230137,0.00
776,Trip: 3,60.428167,22.230442,0.00
777,Trip: 3,60.427752,22.230706,0.00
778,Trip: 3,60.427326,22.230912,0.00
779,Trip: 3,60.427201,22.230966,0.00
780,Trip: 3,60.427041,22.231002,0.00
781,Trip: 3,60.426976,22.231012,0.00
782,Trip: 3,60.426646,22.231104,0.00
783,Trip: 3,60.426553,22.231147,0.00
784,Trip: 3,60.426492,22.231180,2.23
785,Trip: 3,60.426376,22.231281,2.53
786,Trip: 3,60.426095,22.231591,0.00
787,Trip: 3,60.425686,22.231923,0.00
788,Trip: 3,60.425386,22.232174,0.00
789,Trip: 3,60.425004,22.232589,0.00
790,Trip: 3,60.424628,22.232992,8.58
791,Trip: 3,60.424320,22.233383,0.00
792,Trip: 3,60.423974,22.233950,0.00
793,Trip: 3,60.423641,22.234556,0.00
794,Trip: 3,60.423324,22.235118,0.00
795,Trip: 3,60.423025,22.235712,0.00
796,Trip: 3,60.422765,22.236366,0.00
797,Trip: 3,60.422565,22.236999,0.00
798,Trip: 3,60.422413,22.237779,0.00
799,Trip: 3,60.422291,22.238582,0.00
800,Trip: 3,60.422165,22.239389,0.00
801,Trip: 3,60.422047,22.240184,0.00
802,Trip: 3,60.421949,22.241005,0.00
803,Trip: 3,60.421876,22.241803,0.00
804,Trip: 3,60.421747,22.242672,0.00
805,Trip: 3,60.421608,22.243501,0.00
806,Trip: 3,60.421469,22.244314,0.00
807,Trip: 3,60.421351,22.245128,3.65
808,Trip: 3,60.421250,22.245413,3.11
809,Trip: 3,60.420967,22.246101,0.00
810,Trip: 3,60.420706,22.246805,0.00
811,Trip: 3,60.420447,22.247489,0.00
812,Trip: 3,60.420186,22.248177,0.00
813,Trip: 3,60.419912,22.248862,0.00
814,Trip: 3,60.419576,22.249464,0.00
815,Trip: 3,60.419238,22.250040,0.00
816,Trip: 3,60.418865,22.250494,0.00
817,Trip: 3,60.418491,22.250898,0.00
818,Trip: 3,60.418393,22.251040,0.00
819,Trip: 3,60.418091,22.251648,0.00
820,Trip: 3,60.417802,22.252168,0.00
821,Trip: 3,60.417457,22.252671,0.00
822,Trip: 3,60.417102,22.253205,0.00
823,Trip: 3,60.416713,22.253644,0.00
824,Trip: 3,60.416322,22.254092,0.00
825,Trip: 3,60.416214,22.254205,0.00
826,Trip: 3,60.416158,22.254255,0.00
827,Trip: 3,60.415824,22.254508,0.00
828,Trip: 3,60.415535,22.254673,0.00
829,Trip: 3,60.415144,22.255042,0.00
830,Trip: 3,60.415061,22.255119,0.00
831,Trip: 3,60.414661,22.255437,0.00
832,Trip: 3,60.414362,22.255682,0.00
833,Trip: 3,60.413947,22.255982,0.00
834,Trip: 3,60.413860,22.256019,0.00
835,Trip: 3,60.413773,22.256031,0.00
836,Trip: 3,60.413654,22.256014,0.00
837,Trip: 3,60.413563,22.255986,0.00
838,Trip: 3,60.413418,22.255910,0.00
839,Trip: 3,60.413314,22.255834,0.00
840,Trip: 3,60.413235,22.255757,0.00
841,Trip: 3,60.413161,22.255669,0.00
842,Trip: 3,60.412792,22.255162,0.00
843,Trip: 3,60.412651,22.254959,0.00
844,Trip: 3,60.412606,22.254822,1.74
845,Trip: 3,60.412591,22.254693,1.74
846,Trip: 3,60.412598,22.254368,1.74
847,Trip: 3,60.412591,22.254200,1.78
848,Trip: 3,60.412527,22.254190,1.83
849,Trip: 3,60.412449,22.254186,1.72
850,Trip: 4,60.191515,21.909869,4.01
851,Trip: 4,60.191459,21.909818,2.79
852,Trip: 4,60.191397,21.909852,3.80
853,Trip: 4,60.191216,21.910175,2.88
854,Trip: 4,60.191132,21.910412,3.43
855,Trip: 4,60.191111,21.910568,3.65
856,Trip: 4,60.191136,21.910803,3.43
857,Trip: 4,60.191305,21.911393,3.30
858,Trip: 4,60.191322,21.911498,3.18
859,Trip: 4,60.191310,21.911977,3.35
860,Trip: 4,60.191286,21.912825,3.20
861,Trip: 4,60.191262,21.913636,3.03
862,Trip: 4,60.191236,21.913766,3.22
863,Trip: 4,60.191057,21.914266,3.03
864,Trip: 4,60.191026,21.914417,3.00
865,Trip: 4,60.191032,21.914568,2.15
866,Trip: 4,60.191078,21.914682,3.00
867,Trip: 4,60.191151,21.914737,2.51
868,Trip: 4,60.191226,21.914749,2.19
869,Trip: 4,60.191472,21.914736,3.45
870,Trip: 4,60.191557,21.914746,2.40
871,Trip: 4,60.191636,21.914766,3.24
872,Trip: 4,60.191711,21.914810,3.50
873,Trip: 4,60.191781,21.914850,3.88
874,Trip: 4,60.191852,21.914883,4.12
875,Trip: 4,60.191931,21.914937,3.58
876,Trip: 4,60.192094,21.915006,3.26
877,Trip: 4,60.192249,21.915052,3.48
878,Trip: 4,60.192320,21.915055,3.37
879,Trip: 4,60.192401,21.915064,3.18
880,Trip: 4,60.192487,21.915056,3.33
881,Trip: 4,60.192573,21.915059,3.18
882,Trip: 4,60.192660,21.915054,3.22
883,Trip: 4,60.192834,21.915031,3.56
884,Trip: 4,60.192952,21.915003,3.58
885,Trip: 4,60.193276,21.914951,2.62
886,Trip: 4,60.193403,21.914907,3.69
887,Trip: 4,60.193534,21.914838,2.96
888,Trip: 4,60.193619,21.914781,3.39
889,Trip: 4,60.193861,21.914559,3.54
890,Trip: 4,60.194129,21.914285,2.25
891,Trip: 4,60.194316,21.914139,3.24
892,Trip: 4,60.194462,21.914052,5.23
893,Trip: 4,60.194555,21.913976,3.50
894,Trip: 4,60.194601,21.913930,3.58
895,Trip: 4,60.194641,21.913875,3.73
896,Trip: 4,60.194712,21.913737,4.25
897,Trip: 4,60.194743,21.913657,4.40
898,Trip: 4,60.194767,21.913570,5.13
899,Trip: 4,60.194788,21.913380,4.46
900,Trip: 4,60.194769,21.912980,4.95
901,Trip: 4,60.194579,21.912197,4.98
902,Trip: 4,60.194319,21.911487,5.36
903,Trip: 4,60.194306,21.911436,5.21
904,Trip: 5,59.933177,23.775607,4.48
905,Trip: 5,59.933119,23.775678,4.47
906,Trip: 5,59.933088,23.775676,4.46
907,Trip: 5,59.933025,23.775707,4.49
908,Trip: 5,59.932984,23.775823,5.29
909,Trip: 5,59.932961,23.775946,6.00
910,Trip: 5,59.932898,23.776052,6.56
911,Trip: 5,59.932856,23.776189,6.85
912,Trip: 5,59.932857,23.776315,7.20
913,Trip: 5,59.932825,23.776430,7.54
914,Trip: 5,59.932773,23.776509,7.83
915,Trip: 5,59.932711,23.776575,7.97
916,Trip: 5,59.932637,23.776605,8.08
917,Trip: 5,59.932558,23.776666,8.19
918,Trip: 5,59.932434,23.776818,8.22
919,Trip: 5,59.932123,23.777433,7.79
920,Trip: 5,59.931894,23.778166,7.60
921,Trip: 5,59.931675,23.778830,0.00
922,Trip: 5,59.931469,23.779499,0.00
923,Trip: 5,59.931209,23.780213,0.00
924,Trip: 5,59.931030,23.780641,0.00
925,Trip: 5,59.930760,23.781168,0.00
926,Trip: 5,59.930440,23.781637,0.00
927,Trip: 5,59.930134,23.782118,0.00
928,Trip: 5,59.929830,23.782579,0.00
929,Trip: 5,59.929507,23.783012,0.00
930,Trip: 5,59.929156,23.783429,0.00
931,Trip: 5,59.928789,23.783796,0.00
932,Trip: 5,59.928409,23.784156,0.00
933,Trip: 5,59.928037,23.784608,0.00
934,Trip: 5,59.927680,23.785073,0.00
935,Trip: 5,59.927309,23.785493,0.00
936,Trip: 5,59.926928,23.785834,0.00
937,Trip: 5,59.926552,23.786200,0.00
938,Trip: 5,59.926172,23.786556,0.00
939,Trip: 5,59.925782,23.786907,0.00
940,Trip: 5,59.925596,23.787082,0.00
941,Trip: 5,59.925220,23.787533,0.00
942,Trip: 5,59.925134,23.787657,0.00
943,Trip: 5,59.924765,23.788126,0.00
944,Trip: 5,59.924403,23.788623,0.00
945,Trip: 5,59.924106,23.789189,0.00
946,Trip: 5,59.923832,23.789843,0.00
947,Trip: 5,59.923576,23.790540,0.00
948,Trip: 5,59.923336,23.791256,0.00
949,Trip: 5,59.923131,23.792019,0.00
950,Trip: 5,59.922968,23.792596,0.00
951,Trip: 5,59.922745,23.793350,0.00
952,Trip: 5,59.922523,23.794085,0.00
953,Trip: 5,59.922315,23.794837,0.00
954,Trip: 5,59.922118,23.795589,0.00
955,Trip: 5,59.921926,23.796379,0.00
956,Trip: 5,59.921722,23.797112,0.00
957,Trip: 5,59.921560,23.797896,0.00
958,Trip: 5,59.921385,23.798680,0.00
959,Trip: 5,59.921200,23.799470,0.00
960,Trip: 5,59.921054,23.800097,0.00
961,Trip: 5,59.920926,23.800719,0.00
962,Trip: 5,59.920780,23.801331,0.00
963,Trip: 5,59.920631,23.801957,0.00
964,Trip: 5,59.920475,23.802583,0.00
965,Trip: 5,59.920339,23.803228,0.00
966,Trip: 5,59.920207,23.803870,0.00
967,Trip: 5,59.920078,23.804527,0.00
968,Trip: 5,59.919941,23.805199,0.00
969,Trip: 5,59.919809,23.805821,0.00
970,Trip: 5,59.919686,23.806483,0.00
971,Trip: 5,59.919559,23.807133,0.00
972,Trip: 5,59.919453,23.807807,0.00
973,Trip: 5,59.919336,23.808482,0.00
974,Trip: 5,59.919226,23.809147,0.00
975,Trip: 5,59.919111,23.809799,0.00
976,Trip: 5,59.919028,23.810492,0.00
977,Trip: 5,59.918947,23.811171,0.00
978,Trip: 5,59.918921,23.811857,0.00
979,Trip: 5,59.918968,23.812322,0.00
980,Trip: 5,59.919117,23.812923,0.00
981,Trip: 5,59.919324,23.813470,0.00
982,Trip: 5,59.919534,23.814047,0.00
983,Trip: 5,59.919725,23.814639,0.00
984,Trip: 5,59.919921,23.815225,0.00
985,Trip: 5,59.920119,23.815818,0.00
986,Trip: 5,59.920298,23.816399,0.00
987,Trip: 5,59.920351,23.816607,0.00
988,Trip: 5,59.920472,23.817447,0.00
989,Trip: 5,59.920477,23.818278,0.00
990,Trip: 5,59.920403,23.819081,0.00
991,Trip: 5,59.920301,23.819807,0.00
992,Trip: 5,59.920250,23.820443,0.00
993,Trip: 5,59.920298,23.821004,0.00
994,Trip: 5,59.920411,23.821453,0.00
995,Trip: 5,59.920549,23.821883,4.46
996,Trip: 5,59.920607,23.821981,4.35
997,Trip: 5,59.920679,23.822054,4.41
998,Trip: 5,59.920794,23.822147,4.48
999,Trip: 5,59.920908,23.822224,4.46
1000,Trip: 5,59.920986,23.822290,4.24
1001,Trip: 5,59.921059,23.822330,4.19
1002,Trip: 5,59.921133,23.822374,4.07
1003,Trip: 5,59.921216,23.822389,4.02
1004,Trip: 5,59.921299,23.822389,3.83
1005,Trip: 5,59.921415,23.822379,3.89
1006,Trip: 5,59.921478,23.822373,3.55
1007,Trip: 5,59.921584,23.822409,3.87
1008,Trip: 5,59.921689,23.822472,3.90
1009,Trip: 5,59.921752,23.822472,3.89
1010,Trip: 5,59.921820,23.822368,3.80
1011,Trip: 5,59.921862,23.822279,3.66
1012,Trip: 5,59.921926,23.822222,2.83
1013,Trip: 5,59.921990,23.822253,2.44
1014,Trip: 5,59.922050,23.822279,1.87
1015,Trip: 5,59.922105,23.822302,0.00
1016,Trip: 6,58.16092,8.270085,0.00
1017,Trip: 6,58.161178,8.270464,3.60
1018,Trip: 6,58.161415,8.270955,0.00
1019,Trip: 6,58.161552,8.271198,0.00
1020,Trip: 6,58.161784,8.271283,0.00
1021,Trip: 6,58.161758,8.271321,0.00
1022,Trip: 6,58.161839,8.271289,0.00
1023,Trip: 6,58.162083,8.271235,0.00
1024,Trip: 6,58.162191,8.2712,0.00
1025,Trip: 6,58.162219,8.271111,0.00
1026,Trip: 6,58.162277,8.270457,0.00
1027,Trip: 6,58.162424,8.269742,0.00
1028,Trip: 6,58.162558,8.269065,0.00
1029,Trip: 6,58.162765,8.268176,0.00
1030,Trip: 6,58.162963,8.267452,0.00
1031,Trip: 6,58.163049,8.266763,0.00
1032,Trip: 6,58.163116,8.265936,0.00
1033,Trip: 6,58.163193,8.265165,0.00
1034,Trip: 6,58.163235,8.264529,0.00
1035,Trip: 6,58.163337,8.263852,2.94
1036,Trip: 6,58.16338,8.263258,2.38
1037,Trip: 6,58.163487,8.262278,2.25
1038,Trip: 6,58.163632,8.261553,2.53
1039,Trip: 6,58.163679,8.260896,2.36
1040,Trip: 6,58.163879,8.260031,2.11
1041,Trip: 6,58.16412,8.259372,2.06
1042,Trip: 6,58.164269,8.258876,2.04
1043,Trip: 6,58.164341,8.258783,2.08
1044,Trip: 6,58.16425,8.25863,1.98
1045,Trip: 6,58.164514,8.257839,1.91
1046,Trip: 6,58.164653,8.25704,2.13
1047,Trip: 6,58.16488,8.256424,2.25
1048,Trip: 6,58.165206,8.255739,2.25
1049,Trip: 6,58.165388,8.254917,2.26
1050,Trip: 6,58.165506,8.254895,2.17
1051,Trip: 6,58.165443,8.254805,2.40
1052,Trip: 6,58.165579,8.254862,1.50
1053,Trip: 6,58.165421,8.254727,2.04
1054,Trip: 6,58.165224,8.255331,2.25
1055,Trip: 6,58.165099,8.256093,2.17
1056,Trip: 6,58.164772,8.256743,2.21
1057,Trip: 6,58.164665,8.257454,2.15
1058,Trip: 6,58.164369,8.258082,1.91
1059,Trip: 6,58.164267,8.258864,2.17
1060,Trip: 6,58.164224,8.25917,2.08
1061,Trip: 6,58.163988,8.259842,2.06
1062,Trip: 6,58.163814,8.260501,2.06
1063,Trip: 6,58.163748,8.261376,0.00
1064,Trip: 6,58.163597,8.262024,0.00
1065,Trip: 6,58.163503,8.262843,3.05
1066,Trip: 6,58.163237,8.263675,3.05
1067,Trip: 6,58.163171,8.264319,0.00
1068,Trip: 6,58.163222,8.26515,0.00
1069,Trip: 6,58.163037,8.265893,2.83
1070,Trip: 6,58.162903,8.266857,0.00
1071,Trip: 6,58.162731,8.267576,0.00
1072,Trip: 6,58.162679,8.268429,0.00
1073,Trip: 6,58.162673,8.26921,0.00
1074,Trip: 6,58.162478,8.269805,0.00
1075,Trip: 6,58.162385,8.270428,0.00
1076,Trip: 6,58.162145,8.270459,0.00
1077,Trip: 6,58.162246,8.270694,0.00
1078,Trip: 6,58.162015,8.270687,2.45
1079,Trip: 6,58.162042,8.270886,2.45
1080,Trip: 6,58.161985,8.270837,2.45
1081,Trip: 6,58.161858,8.270804,2.45
1082,Trip: 6,58.161785,8.270898,2.45
1083,Trip: 6,58.16173,8.270755,2.45
1084,Trip: 6,58.161462,8.270733,2.45
1085,Trip: 6,58.161376,8.270658,0.00
1086,Trip: 6,58.161245,8.270414,0.00
1087,Trip: 6,58.160988,8.2702,0.00
1088,Trip: 6,58.160952,8.270012,5.94
1089,Trip: 6,58.160547,8.269631,5.62
1090,Trip: 6,58.160454,8.269308,4.76
1091,Trip: 6,58.16014,8.268873,5.34
1092,Trip: 6,58.160021,8.268476,4.93
1093,Trip: 6,58.159721,8.268072,4.42
1094,Trip: 6,58.15943,8.267883,3.50
1095,Trip: 6,58.15921,8.267798,2.45
1096,Trip: 6,58.159266,8.26772,1.85
1097,Trip: 6,58.159096,8.267885,1.57
1098,Trip: 7,58.160928,8.270163,0.00
1099,Trip: 7,58.161264,8.270516,3.60
1100,Trip: 7,58.161348,8.271052,0.00
1101,Trip: 7,58.161559,8.271221,0.00
1102,Trip: 7,58.1617,8.27132,0.00
1103,Trip: 7,58.161855,8.271319,0.00
1104,Trip: 7,58.161936,8.271286,0.00
1105,Trip: 7,58.162066,8.271161,0.00
1106,Trip: 7,58.162198,8.271235,0.00
1107,Trip: 7,58.162305,8.271039,0.00
1108,Trip: 7,58.162366,8.270456,0.00
1109,Trip: 7,58.162348,8.26977,0.00
1110,Trip: 7,58.162642,8.26902,0.00
1111,Trip: 7,58.162705,8.268182,0.00
1112,Trip: 7,58.162901,8.267502,0.00
1113,Trip: 7,58.163001,8.266801,0.00
1114,Trip: 7,58.163035,8.265843,0.00
1115,Trip: 7,58.16319,8.265131,0.00
1116,Trip: 7,58.163311,8.264514,0.00
1117,Trip: 7,58.163355,8.263924,2.94
1118,Trip: 7,58.163418,8.263273,2.38
1119,Trip: 7,58.163462,8.262355,2.25
1120,Trip: 7,58.163668,8.261537,2.53
1121,Trip: 7,58.163585,8.260799,2.36
1122,Trip: 7,58.16396,8.260094,2.11
1123,Trip: 7,58.164147,8.259369,2.06
1124,Trip: 7,58.164358,8.258847,2.04
1125,Trip: 7,58.164367,8.258711,2.08
1126,Trip: 7,58.164213,8.258625,1.98
1127,Trip: 7,58.164483,8.257776,1.91
1128,Trip: 7,58.164572,8.257127,2.13
1129,Trip: 7,58.164916,8.256493,2.25
1130,Trip: 7,58.165291,8.255684,2.25
1131,Trip: 7,58.165447,8.254947,2.26
1132,Trip: 7,58.165448,8.254932,2.17
1133,Trip: 7,58.165536,8.254707,2.40
1134,Trip: 7,58.16552,8.2549,1.50
1135,Trip: 7,58.165454,8.254728,2.04
1136,Trip: 7,58.165311,8.255285,2.25
1137,Trip: 7,58.165191,8.256008,2.17
1138,Trip: 7,58.164844,8.256827,2.21
1139,Trip: 7,58.164568,8.257514,2.15
1140,Trip: 7,58.164288,8.258175,1.91
1141,Trip: 7,58.164178,8.258906,2.17
1142,Trip: 7,58.164168,8.259235,2.08
1143,Trip: 7,58.163998,8.259817,2.06
1144,Trip: 7,58.163765,8.26047,2.06
1145,Trip: 7,58.163722,8.261473,0.00
1146,Trip: 7,58.163621,8.262107,0.00
1147,Trip: 7,58.163563,8.262798,3.05
1148,Trip: 7,58.163323,8.263604,3.05
1149,Trip: 7,58.163139,8.264358,0.00
1150,Trip: 7,58.16319,8.26519,0.00
1151,Trip: 7,58.163025,8.265939,2.83
1152,Trip: 7,58.162877,8.266871,0.00
1153,Trip: 7,58.162784,8.267651,0.00
1154,Trip: 7,58.162579,8.268508,0.00
1155,Trip: 7,58.162579,8.269129,0.00
1156,Trip: 7,58.162413,8.26986,0.00
1157,Trip: 7,58.162445,8.270487,0.00
1158,Trip: 7,58.162126,8.270478,0.00
1159,Trip: 7,58.162165,8.270677,0.00
1160,Trip: 7,58.161946,8.270779,2.45
1161,Trip: 7,58.162036,8.270802,2.45
1162,Trip: 7,58.16189,8.270859,2.45
1163,Trip: 7,58.161774,8.270751,2.45
1164,Trip: 7,58.161871,8.270838,2.45
1165,Trip: 7,58.161726,8.270688,2.45
1166,Trip: 7,58.161403,8.270817,2.45
1167,Trip: 7,58.161411,8.270633,0.00
1168,Trip: 7,58.161301,8.270426,0.00
1169,Trip: 7,58.160903,8.2702,0.00
1170,Trip: 7,58.161013,8.270097,5.94
1171,Trip: 7,58.160583,8.269641,5.62
1172,Trip: 7,58.160399,8.269374,4.76
1173,Trip: 7,58.160088,8.268831,5.34
1174,Trip: 7,58.160112,8.268395,4.93
1175,Trip: 7,58.159802,8.268126,4.42
1176,Trip: 7,58.159371,8.267934,3.50
1177,Trip: 7,58.159243,8.267811,2.45
1178,Trip: 7,58.159218,8.267723,1.85
1179,Trip: 7,58.15908,8.267862,1.57
1180,Trip: 8,58.160834,8.270111,0.00
1181,Trip: 8,58.16128,8.270479,3.60
1182,Trip: 8,58.161302,8.270969,0.00
1183,Trip: 8,58.161574,8.271312,0.00
1184,Trip: 8,58.161742,8.271232,0.00
1185,Trip: 8,58.161756,8.271347,0.00
1186,Trip: 8,58.161886,8.271241,0.00
1187,Trip: 8,58.162136,8.271192,0.00
1188,Trip: 8,58.162117,8.271192,0.00
1189,Trip: 8,58.1623,8.271013,0.00
1190,Trip: 8,58.162458,8.270451,0.00
1191,Trip: 8,58.16238,8.269705,0.00
1192,Trip: 8,58.162547,8.269038,0.00
1193,Trip: 8,58.162683,8.268232,0.00
1194,Trip: 8,58.162991,8.267542,0.00
1195,Trip: 8,58.163088,8.266827,0.00
1196,Trip: 8,58.16301,8.265909,0.00
1197,Trip: 8,58.163169,8.265172,0.00
1198,Trip: 8,58.163246,8.264603,0.00
1199,Trip: 8,58.16332,8.263959,2.94
1200,Trip: 8,58.163493,8.263243,2.38
1201,Trip: 8,58.163529,8.262385,2.25
1202,Trip: 8,58.163642,8.261581,2.53
1203,Trip: 8,58.163503,8.26071,2.36
1204,Trip: 8,58.163938,8.260162,2.11
1205,Trip: 8,58.164051,8.259364,2.06
1206,Trip: 8,58.164361,8.258947,2.04
1207,Trip: 8,58.164439,8.258629,2.08
1208,Trip: 8,58.164115,8.258538,1.98
1209,Trip: 8,58.164407,8.257765,1.91
1210,Trip: 8,58.164652,8.25714,2.13
1211,Trip: 8,58.164884,8.256483,2.25
1212,Trip: 8,58.165371,8.255682,2.25
1213,Trip: 8,58.165458,8.254892,2.26
1214,Trip: 8,58.165542,8.254846,2.17
1215,Trip: 8,58.165625,8.254759,2.40
1216,Trip: 8,58.165543,8.254932,1.50
1217,Trip: 8,58.165488,8.254805,2.04
1218,Trip: 8,58.165225,8.2552,2.25
1219,Trip: 8,58.165176,8.255912,2.17
1220,Trip: 8,58.164939,8.256905,2.21
1221,Trip: 8,58.164648,8.257552,2.15
1222,Trip: 8,58.164359,8.25822,1.91
1223,Trip: 8,58.164249,8.25887,2.17
1224,Trip: 8,58.164124,8.259219,2.08
1225,Trip: 8,58.163913,8.259787,2.06
1226,Trip: 8,58.163839,8.260503,2.06
1227,Trip: 8,58.16365,8.261379,0.00
1228,Trip: 8,58.163687,8.262087,0.00
1229,Trip: 8,58.163528,8.262799,3.05
1230,Trip: 8,58.163358,8.263549,3.05
1231,Trip: 8,58.163152,8.264305,0.00
1232,Trip: 8,58.163184,8.265201,0.00
1233,Trip: 8,58.162985,8.265866,2.83
1234,Trip: 8,58.162879,8.266797,0.00
1235,Trip: 8,58.162817,8.26764,0.00
1236,Trip: 8,58.162498,8.268543,0.00
1237,Trip: 8,58.162547,8.269198,0.00
1238,Trip: 8,58.162436,8.269908,0.00
1239,Trip: 8,58.162528,8.270546,0.00
1240,Trip: 8,58.162209,8.270466,0.00
1241,Trip: 8,58.162164,8.270649,0.00
1242,Trip: 8,58.161929,8.270748,2.45
1243,Trip: 8,58.161974,8.270843,2.45
1244,Trip: 8,58.161798,8.270836,2.45
1245,Trip: 8,58.161751,8.270735,2.45
1246,Trip: 8,58.161958,8.270771,2.45
1247,Trip: 8,58.161665,8.270755,2.45
1248,Trip: 8,58.161369,8.27076,2.45
1249,Trip: 8,58.161496,8.27061,0.00
1250,Trip: 8,58.161286,8.270407,0.00
1251,Trip: 8,58.160954,8.270153,0.00
1252,Trip: 8,58.160982,8.270149,5.94
1253,Trip: 8,58.160599,8.269739,5.62
1254,Trip: 8,58.160407,8.269373,4.76
1255,Trip: 8,58.160057,8.268777,5.34
1256,Trip: 8,58.16007,8.268416,4.93
1257,Trip: 8,58.15985,8.268068,4.42
1258,Trip: 8,58.159432,8.267881,3.50
1259,Trip: 8,58.159191,8.267849,2.45
1260,Trip: 8,58.159138,8.267713,1.85
1261,Trip: 8,58.15907,8.267854,1.57
1262,Trip: 9,58.160825,8.270196,0.00
1263,Trip: 9,58.161305,8.270421,3.60
1264,Trip: 9,58.16134,8.271031,0.00
1265,Trip: 9,58.161477,8.271395,0.00
1266,Trip: 9,58.161764,8.271292,0.00
1267,Trip: 9,58.161752,8.271288,0.00
1268,Trip: 9,58.161954,8.271146,0.00
1269,Trip: 9,58.162125,8.271268,0.00
1270,Trip: 9,58.162076,8.271238,0.00
1271,Trip: 9,58.16224,8.271023,0.00
1272,Trip: 9,58.162543,8.270437,0.00
1273,Trip: 9,58.162357,8.269613,0.00
1274,Trip: 9,58.16263,8.269062,0.00
1275,Trip: 9,58.162773,8.268312,0.00
1276,Trip: 9,58.162961,8.267508,0.00
1277,Trip: 9,58.163171,8.266735,0.00
1278,Trip: 9,58.162967,8.265823,0.00
1279,Trip: 9,58.163072,8.265107,0.00
1280,Trip: 9,58.16327,8.264637,0.00
1281,Trip: 9,58.163373,8.263866,2.94
1282,Trip: 9,58.163466,8.263241,2.38
1283,Trip: 9,58.163591,8.262479,2.25
1284,Trip: 9,58.163618,8.261677,2.53
1285,Trip: 9,58.163589,8.260734,2.36
1286,Trip: 9,58.164025,8.260246,2.11
1287,Trip: 9,58.164125,8.259298,2.06
1288,Trip: 9,58.164276,8.258973,2.04
1289,Trip: 9,58.164474,8.258543,2.08
1290,Trip: 9,58.164015,8.258594,1.98
1291,Trip: 9,58.16436,8.257686,1.91
1292,Trip: 9,58.164744,8.257047,2.13
1293,Trip: 9,58.164794,8.256395,2.25
1294,Trip: 9,58.165373,8.255596,2.25
1295,Trip: 9,58.165434,8.254834,2.26
1296,Trip: 9,58.165512,8.254827,2.17
1297,Trip: 9,58.165642,8.254842,2.40
1298,Trip: 9,58.16559,8.254852,1.50
1299,Trip: 9,58.16541,8.254865,2.04
1300,Trip: 9,58.165179,8.255251,2.25
1301,Trip: 9,58.165274,8.25593,2.17
1302,Trip: 9,58.164992,8.256852,2.21
1303,Trip: 9,58.164578,8.257565,2.15
1304,Trip: 9,58.164318,8.258268,1.91
1305,Trip: 9,58.164269,8.258916,2.17
1306,Trip: 9,58.164144,8.259258,2.08
1307,Trip: 9,58.163997,8.259821,2.06
1308,Trip: 9,58.163843,8.260419,2.06
1309,Trip: 9,58.163596,8.26128,0.00
1310,Trip: 9,58.163635,8.262092,0.00
1311,Trip: 9,58.163472,8.26289,3.05
1312,Trip: 9,58.163438,8.263608,3.05
1313,Trip: 9,58.163154,8.264247,0.00
1314,Trip: 9,58.16319,8.265132,0.00
1315,Trip: 9,58.163036,8.265897,2.83
1316,Trip: 9,58.162803,8.266762,0.00
1317,Trip: 9,58.162771,8.267561,0.00
1318,Trip: 9,58.162492,8.268521,0.00
1319,Trip: 9,58.162592,8.269139,0.00
1320,Trip: 9,58.162337,8.269899,0.00
1321,Trip: 9,58.162521,8.270612,0.00
1322,Trip: 9,58.162116,8.270428,0.00
1323,Trip: 9,58.162251,8.270713,0.00
1324,Trip: 9,58.161973,8.270724,2.45
1325,Trip: 9,58.161893,8.270809,2.45
1326,Trip: 9,58.161733,8.270884,2.45
1327,Trip: 9,58.161843,8.270758,2.45
1328,Trip: 9,58.16203,8.270827,2.45
1329,Trip: 9,58.161611,8.270744,2.45
1330,Trip: 9,58.161325,8.270758,2.45
1331,Trip: 9,58.161448,8.270586,0.00
1332,Trip: 9,58.161303,8.270498,0.00
1333,Trip: 9,58.16097,8.270222,0.00
1334,Trip: 9,58.161053,8.270202,5.94
1335,Trip: 9,58.160593,8.269782,5.62
1336,Trip: 9,58.160379,8.269434,4.76
1337,Trip: 9,58.159994,8.268683,5.34
1338,Trip: 9,58.160086,8.268456,4.93
1339,Trip: 9,58.159892,8.267973,4.42
1340,Trip: 9,58.159398,8.267937,3.50
1341,Trip: 9,58.15925,8.267784,2.45
1342,Trip: 9,58.159079,8.267694,1.85
1343,Trip: 9,58.159094,8.267871,1.57
1344,Trip: 10,58.160746,8.270266,0.00
1345,Trip: 10,58.161212,8.270365,3.60
1346,Trip: 10,58.161269,8.271061,0.00
1347,Trip: 10,58.161561,8.271327,0.00
1348,Trip: 10,58.16184,8.271308,0.00
1349,Trip: 10,58.161827,8.271361,0.00
1350,Trip: 10,58.161953,8.271199,0.00
1351,Trip: 10,58.162058,8.271236,0.00
1352,Trip: 10,58.162009,8.271196,0.00
1353,Trip: 10,58.162234,8.270962,0.00
1354,Trip: 10,58.162488,8.270466,0.00
1355,Trip: 10,58.162439,8.26968,0.00
1356,Trip: 10,58.162532,8.26911,0.00
1357,Trip: 10,58.16272,8.268358,0.00
1358,Trip: 10,58.162889,8.267422,0.00
1359,Trip: 10,58.163269,8.266714,0.00
1360,Trip: 10,58.163003,8.265751,0.00
1361,Trip: 10,58.163001,8.265206,0.00
1362,Trip: 10,58.163356,8.264625,0.00
1363,Trip: 10,58.163324,8.263797,2.94
1364,Trip: 10,58.16343,8.263172,2.38
1365,Trip: 10,58.163652,8.26245,2.25
1366,Trip: 10,58.163564,8.261756,2.53
1367,Trip: 10,58.163548,8.260706,2.36
1368,Trip: 10,58.164031,8.260331,2.11
1369,Trip: 10,58.164077,8.259308,2.06
1370,Trip: 10,58.164287,8.258979,2.04
1371,Trip: 10,58.164569,8.258457,2.08
1372,Trip: 10,58.16408,8.258663,1.98
1373,Trip: 10,58.164371,8.2577,1.91
1374,Trip: 10,58.164752,8.25709,2.13
1375,Trip: 10,58.164806,8.256306,2.25
1376,Trip: 10,58.165334,8.255641,2.25
1377,Trip: 10,58.165473,8.254828,2.26
1378,Trip: 10,58.165483,8.254785,2.17
1379,Trip: 10,58.16571,8.254913,2.40
1380,Trip: 10,58.165685,8.254862,1.50
1381,Trip: 10,58.165327,8.254931,2.04
1382,Trip: 10,58.165134,8.255159,2.25
1383,Trip: 10,58.165318,8.25593,2.17
1384,Trip: 10,58.165,8.256799,2.21
1385,Trip: 10,58.164676,8.257522,2.15
1386,Trip: 10,58.164405,8.258355,1.91
1387,Trip: 10,58.164262,8.258973,2.17
1388,Trip: 10,58.164089,8.259323,2.08
1389,Trip: 10,58.163905,8.259733,2.06
1390,Trip: 10,58.163925,8.260517,2.06
1391,Trip: 10,58.163604,8.261355,0.00
1392,Trip: 10,58.16359,8.262077,0.00
1393,Trip: 10,58.163429,8.262931,3.05
1394,Trip: 10,58.163423,8.263519,3.05
1395,Trip: 10,58.163191,8.264225,0.00
1396,Trip: 10,58.163277,8.265105,0.00
1397,Trip: 10,58.163021,8.265902,2.83
1398,Trip: 10,58.162798,8.26686,0.00
1399,Trip: 10,58.162713,8.267627,0.00
1400,Trip: 10,58.162565,8.26848,0.00
1401,Trip: 10,58.162562,8.269057,0.00
1402,Trip: 10,58.162353,8.269948,0.00
1403,Trip: 10,58.162615,8.270583,0.00
1404,Trip: 10,58.162139,8.270418,0.00
1405,Trip: 10,58.162291,8.270731,0.00
1406,Trip: 10,58.162001,8.270634,2.45
1407,Trip: 10,58.161812,8.270761,2.45
1408,Trip: 10,58.161686,8.270906,2.45
1409,Trip: 10,58.161848,8.270753,2.45
1410,Trip: 10,58.161998,8.270744,2.45
1411,Trip: 10,58.161649,8.27082,2.45
1412,Trip: 10,58.161415,8.270827,2.45
1413,Trip: 10,58.161379,8.270504,0.00
1414,Trip: 10,58.16125,8.270583,0.00
1415,Trip: 10,58.160954,8.270236,0.00
1416,Trip: 10,58.161114,8.270239,5.94
1417,Trip: 10,58.160641,8.269728,5.62
1418,Trip: 10,58.16043,8.26946,4.76
1419,Trip: 10,58.15994,8.268738,5.34
1420,Trip: 10,58.160031,8.268392,4.93
1421,Trip: 10,58.159937,8.267898,4.42
1422,Trip: 10,58.159411,8.268019,3.50
1423,Trip: 10,58.159245,8.267858,2.45
1424,Trip: 10,58.159026,8.267794,1.85
1425,Trip: 10,58.159042,8.267835,1.57
1426,Trip: 11,58.160846,8.270238,0.00
1427,Trip: 11,58.161254,8.270333,3.60
1428,Trip: 11,58.161359,8.271151,0.00
1429,Trip: 11,58.161661,8.271388,0.00
1430,Trip: 11,58.161917,8.271393,0.00
1431,Trip: 11,58.161922,8.271441,0.00
1432,Trip: 11,58.161978,8.271187,0.00
1433,Trip: 11,58.162092,8.271289,0.00
1434,Trip: 11,58.161996,8.271198,0.00
1435,Trip: 11,58.162263,8.27105,0.00
1436,Trip: 11,58.162541,8.270484,0.00
1437,Trip: 11,58.162379,8.269772,0.00
1438,Trip: 11,58.162559,8.269158,0.00
1439,Trip: 11,58.162739,8.268342,0.00
1440,Trip: 11,58.162968,8.267483,0.00
1441,Trip: 11,58.163279,8.266678,0.00
1442,Trip: 11,58.163031,8.26572,0.00
1443,Trip: 11,58.162904,8.265291,0.00
1444,Trip: 11,58.163267,8.264675,0.00
1445,Trip: 11,58.163278,8.263761,2.94
1446,Trip: 11,58.163457,8.263207,2.38
1447,Trip: 11,58.163678,8.262495,2.25
1448,Trip: 11,58.163517,8.261665,2.53
1449,Trip: 11,58.163471,8.260724,2.36
1450,Trip: 11,58.164085,8.260261,2.11
1451,Trip: 11,58.164072,8.259373,2.06
1452,Trip: 11,58.164304,8.258989,2.04
1453,Trip: 11,58.164593,8.258381,2.08
1454,Trip: 11,58.164109,8.258717,1.98
1455,Trip: 11,58.164397,8.257764,1.91
1456,Trip: 11,58.164849,8.257062,2.13
1457,Trip: 11,58.164853,8.256361,2.25
1458,Trip: 11,58.165292,8.255618,2.25
1459,Trip: 11,58.165478,8.254888,2.26
1460,Trip: 11,58.165385,8.254714,2.17
1461,Trip: 11,58.165636,8.254903,2.40
1462,Trip: 11,58.165675,8.254789,1.50
1463,Trip: 11,58.165255,8.25486,2.04
1464,Trip: 11,58.165092,8.255227,2.25
1465,Trip: 11,58.165291,8.255888,2.17
1466,Trip: 11,58.165086,8.256749,2.21
1467,Trip: 11,58.164669,8.257493,2.15
1468,Trip: 11,58.164423,8.258275,1.91
1469,Trip: 11,58.164361,8.258969,2.17
1470,Trip: 11,58.164171,8.259408,2.08
1471,Trip: 11,58.163808,8.259697,2.06
1472,Trip: 11,58.163866,8.260552,2.06
1473,Trip: 11,58.163672,8.261381,0.00
1474,Trip: 11,58.163559,8.262113,0.00
1475,Trip: 11,58.163508,8.262926,3.05
1476,Trip: 11,58.163446,8.263541,3.05
1477,Trip: 11,58.163192,8.26429,0.00
1478,Trip: 11,58.163331,8.265104,0.00
1479,Trip: 11,58.16299,8.265926,2.83
1480,Trip: 11,58.162841,8.266816,0.00
1481,Trip: 11,58.162756,8.267604,0.00
1482,Trip: 11,58.162606,8.268525,0.00
1483,Trip: 11,58.162483,8.269009,0.00
1484,Trip: 11,58.162254,8.26992,0.00
1485,Trip: 11,58.162673,8.270578,0.00
1486,Trip: 11,58.162137,8.270335,0.00
1487,Trip: 11,58.162371,8.27071,0.00
1488,Trip: 11,58.162086,8.270675,2.45
1489,Trip: 11,58.161769,8.270829,2.45
1490,Trip: 11,58.161704,8.27086,2.45
1491,Trip: 11,58.161845,8.270708,2.45
1492,Trip: 11,58.161982,8.270826,2.45
1493,Trip: 11,58.161619,8.270871,2.45
1494,Trip: 11,58.161414,8.270758,2.45
1495,Trip: 11,58.161447,8.270454,0.00
1496,Trip: 11,58.161176,8.270511,0.00
1497,Trip: 11,58.160863,8.2703,0.00
1498,Trip: 11,58.161153,8.270324,5.94
1499,Trip: 11,58.160677,8.269792,5.62
1500,Trip: 11,58.160528,8.269497,4.76
1501,Trip: 11,58.159881,8.268798,5.34
1502,Trip: 11,58.159934,8.268338,4.93
1503,Trip: 11,58.159924,8.267831,4.42
1504,Trip: 11,58.159398,8.267999,3.50
1505,Trip: 11,58.159262,8.267848,2.45
1506,Trip: 11,58.159078,8.267852,1.85
1507,Trip: 11,58.159081,8.267831,1.57
1508,Trip: 12,58.160838,8.270254,0.00
1509,Trip: 12,58.161317,8.270411,3.60
1510,Trip: 12,58.161444,8.271098,0.00
1511,Trip: 12,58.161652,8.271484,0.00
1512,Trip: 12,58.16195,8.271472,0.00
1513,Trip: 12,58.16192,8.27153,0.00
1514,Trip: 12,58.162067,8.271191,0.00
1515,Trip: 12,58.162017,8.271335,0.00
1516,Trip: 12,58.161975,8.271275,0.00
1517,Trip: 12,58.162315,8.271032,0.00
1518,Trip: 12,58.162628,8.270464,0.00
1519,Trip: 12,58.162464,8.269759,0.00
1520,Trip: 12,58.162629,8.269101,0.00
1521,Trip: 12,58.162641,8.268376,0.00
1522,Trip: 12,58.162902,8.267398,0.00
1523,Trip: 12,58.163321,8.266711,0.00
1524,Trip: 12,58.163033,8.265672,0.00
1525,Trip: 12,58.162924,8.265356,0.00
1526,Trip: 12,58.163349,8.264614,0.00
1527,Trip: 12,58.163282,8.263732,2.94
1528,Trip: 12,58.163514,8.263275,2.38
1529,Trip: 12,58.16363,8.262589,2.25
1530,Trip: 12,58.163495,8.261671,2.53
1531,Trip: 12,58.163438,8.260796,2.36
1532,Trip: 12,58.164153,8.260217,2.11
1533,Trip: 12,58.164072,8.259286,2.06
1534,Trip: 12,58.164392,8.25908,2.04
1535,Trip: 12,58.164495,8.258414,2.08
1536,Trip: 12,58.164143,8.258678,1.98
1537,Trip: 12,58.164476,8.257862,1.91
1538,Trip: 12,58.164943,8.257058,2.13
1539,Trip: 12,58.164834,8.25638,2.25
1540,Trip: 12,58.165295,8.25556,2.25
1541,Trip: 12,58.165509,8.25497,2.26
1542,Trip: 12,58.16533,8.254759,2.17
1543,Trip: 12,58.165672,8.254851,2.40
1544,Trip: 12,58.16566,8.254765,1.50
1545,Trip: 12,58.165318,8.254791,2.04
1546,Trip: 12,58.165191,8.255325,2.25
1547,Trip: 12,58.165256,8.25592,2.17
1548,Trip: 12,58.1651,8.256759,2.21
1549,Trip: 12,58.164646,8.257468,2.15
1550,Trip: 12,58.164488,8.258286,1.91
1551,Trip: 12,58.164363,8.259043,2.17
1552,Trip: 12,58.164089,8.259349,2.08
1553,Trip: 12,58.16374,8.259665,2.06
1554,Trip: 12,58.163932,8.26057,2.06
1555,Trip: 12,58.163745,8.261345,0.00
1556,Trip: 12,58.163471,8.262086,0.00
1557,Trip: 12,58.16354,8.262896,3.05
1558,Trip: 12,58.163485,8.263467,3.05
1559,Trip: 12,58.163132,8.264231,0.00
1560,Trip: 12,58.163337,8.265199,0.00
1561,Trip: 12,58.162983,8.265847,2.83
1562,Trip: 12,58.162792,8.266897,0.00
1563,Trip: 12,58.162782,8.267593,0.00
1564,Trip: 12,58.162629,8.268469,0.00
1565,Trip: 12,58.162542,8.268952,0.00
1566,Trip: 12,58.162226,8.269887,0.00
1567,Trip: 12,58.16269,8.27054,0.00
1568,Trip: 12,58.162198,8.270386,0.00
1569,Trip: 12,58.162318,8.270717,0.00
1570,Trip: 12,58.16212,8.270637,2.45
1571,Trip: 12,58.16184,8.270751,2.45
1572,Trip: 12,58.161648,8.270831,2.45
1573,Trip: 12,58.16186,8.270623,2.45
1574,Trip: 12,58.161939,8.270846,2.45
1575,Trip: 12,58.161681,8.270819,2.45
1576,Trip: 12,58.161418,8.270732,2.45
1577,Trip: 12,58.161537,8.270409,0.00
1578,Trip: 12,58.161122,8.270506,0.00
1579,Trip: 12,58.160837,8.270218,0.00
1580,Trip: 12,58.161061,8.270245,5.94
1581,Trip: 12,58.160648,8.269818,5.62
1582,Trip: 12,58.160577,8.269523,4.76
1583,Trip: 12,58.159858,8.268745,5.34
1584,Trip: 12,58.159978,8.268262,4.93
1585,Trip: 12,58.159826,8.267844,4.42
1586,Trip: 12,58.159299,8.267992,3.50
1587,Trip: 12,58.15919,8.267875,2.45
1588,Trip: 12,58.159014,8.26777,1.85
1589,Trip: 12,58.158987,8.267762,1.57
1590,Trip: 13,58.160797,8.270189,0.00
1591,Trip: 13,58.161385,8.270446,3.60
1592,Trip: 13,58.161368,8.271157,0.00
1593,Trip: 13,58.161687,8.271504,0.00
1594,Trip: 13,58.162046,8.271557,0.00
1595,Trip: 13,58.161937,8.271624,0.00
1596,Trip: 13,58.162035,8.271234,0.00
1597,Trip: 13,58.162041,8.271275,0.00
1598,Trip: 13,58.161928,8.271251,0.00
1599,Trip: 13,58.162414,8.271072,0.00
1600,Trip: 13,58.162635,8.270563,0.00
1601,Trip: 13,58.162481,8.269852,0.00
1602,Trip: 13,58.162672,8.269108,0.00
1603,Trip: 13,58.162684,8.268412,0.00
1604,Trip: 13,58.162855,8.267334,0.00
1605,Trip: 13,58.163283,8.266638,0.00
1606,Trip: 13,58.163009,8.265741,0.00
1607,Trip: 13,58.162993,8.26529,0.00
1608,Trip: 13,58.163434,8.264584,0.00
1609,Trip: 13,58.163289,8.263744,2.94
1610,Trip: 13,58.163451,8.263221,2.38
1611,Trip: 13,58.163705,8.262616,2.25
1612,Trip: 13,58.163415,8.261738,2.53
1613,Trip: 13,58.163486,8.260774,2.36
1614,Trip: 13,58.164189,8.260136,2.11
1615,Trip: 13,58.163977,8.259289,2.06
1616,Trip: 13,58.164408,8.259038,2.04
1617,Trip: 13,58.164399,8.258508,2.08
1618,Trip: 13,58.164172,8.25873,1.98
1619,Trip: 13,58.164563,8.257942,1.91
1620,Trip: 13,58.165016,8.257003,2.13
1621,Trip: 13,58.164893,8.256425,2.25
1622,Trip: 13,58.16528,8.255516,2.25
1623,Trip: 13,58.165488,8.25494,2.26
1624,Trip: 13,58.165402,8.2547,2.17
1625,Trip: 13,58.165666,8.254766,2.40
1626,Trip: 13,58.165609,8.25482,1.50
1627,Trip: 13,58.165395,8.254704,2.04
1628,Trip: 13,58.16523,8.255411,2.25
1629,Trip: 13,58.165186,8.255919,2.17
1630,Trip: 13,58.165014,8.25677,2.21
1631,Trip: 13,58.16471,8.257557,2.15
1632,Trip: 13,58.164534,8.258226,1.91
1633,Trip: 13,58.16442,8.259112,2.17
1634,Trip: 13,58.164136,8.25935,2.08
1635,Trip: 13,58.163747,8.259658,2.06
1636,Trip: 13,58.164015,8.260521,2.06
1637,Trip: 13,58.163743,8.261383,0.00
1638,Trip: 13,58.163536,8.262065,0.00
1639,Trip: 13,58.163593,8.262906,3.05
1640,Trip: 13,58.163483,8.263371,3.05
1641,Trip: 13,58.163171,8.264274,0.00
1642,Trip: 13,58.163387,8.265201,0.00
1643,Trip: 13,58.162886,8.265863,2.83
1644,Trip: 13,58.162701,8.26683,0.00
1645,Trip: 13,58.162829,8.267592,0.00
1646,Trip: 13,58.162682,8.268527,0.00
1647,Trip: 13,58.162615,8.268978,0.00
1648,Trip: 13,58.162132,8.269867,0.00
1649,Trip: 13,58.162611,8.270624,0.00
1650,Trip: 13,58.162146,8.27045,0.00
1651,Trip: 13,58.162411,8.270651,0.00
1652,Trip: 13,58.162172,8.270552,2.45
1653,Trip: 13,58.161861,8.270825,2.45
1654,Trip: 13,58.161635,8.270787,2.45
1655,Trip: 13,58.161874,8.270605,2.45
1656,Trip: 13,58.162006,8.270921,2.45
1657,Trip: 13,58.161719,8.270915,2.45
1658,Trip: 13,58.161502,8.270814,2.45
1659,Trip: 13,58.161612,8.270442,0.00
1660,Trip: 13,58.161125,8.270477,0.00
1661,Trip: 13,58.160876,8.27015,0.00
1662,Trip: 13,58.161023,8.270195,5.94
1663,Trip: 13,58.160731,8.269829,5.62
1664,Trip: 13,58.160645,8.269564,4.76
1665,Trip: 13,58.159862,8.268774,5.34
1666,Trip: 13,58.159976,8.268284,4.93
1667,Trip: 13,58.159734,8.267785,4.42
1668,Trip: 13,58.159325,8.268027,3.50
1669,Trip: 13,58.159275,8.267863,2.45
1670,Trip: 13,58.159105,8.267854,1.85
1671,Trip: 13,58.158969,8.267845,1.57
1672,Trip: 14,58.160879,8.270129,0.00
1673,Trip: 14,58.161472,8.270504,3.60
1674,Trip: 14,58.161318,8.2711,0.00
1675,Trip: 14,58.161681,8.271592,0.00
1676,Trip: 14,58.161975,8.271601,0.00
1677,Trip: 14,58.161929,8.271664,0.00
1678,Trip: 14,58.16194,8.271265,0.00
1679,Trip: 14,58.162076,8.27129,0.00
1680,Trip: 14,58.161987,8.271156,0.00
1681,Trip: 14,58.162389,8.271164,0.00
1682,Trip: 14,58.16269,8.270662,0.00
1683,Trip: 14,58.162504,8.269916,0.00
1684,Trip: 14,58.162711,8.269146,0.00
1685,Trip: 14,58.162653,8.268341,0.00
1686,Trip: 14,58.162906,8.267281,0.00
1687,Trip: 14,58.163365,8.266572,0.00
1688,Trip: 14,58.16296,8.265672,0.00
1689,Trip: 14,58.1629,8.265349,0.00
1690,Trip: 14,58.163484,8.264679,0.00
1691,Trip: 14,58.163309,8.263767,2.94
1692,Trip: 14,58.163466,8.263299,2.38
1693,Trip: 14,58.163641,8.262548,2.25
1694,Trip: 14,58.163409,8.261822,2.53
1695,Trip: 14,58.163475,8.260747,2.36
1696,Trip: 14,58.164167,8.260095,2.11
1697,Trip: 14,58.163998,8.259225,2.06
1698,Trip: 14,58.164478,8.258974,2.04
1699,Trip: 14,58.164476,8.258539,2.08
1700,Trip: 14,58.164185,8.258667,1.98
1701,Trip: 14,58.164658,8.257878,1.91
1702,Trip: 14,58.164934,8.256996,2.13
1703,Trip: 14,58.164894,8.256493,2.25
1704,Trip: 14,58.165184,8.255527,2.25
1705,Trip: 14,58.165485,8.254848,2.26
1706,Trip: 14,58.165448,8.254601,2.17
1707,Trip: 14,58.165695,8.254846,2.40
1708,Trip: 14,58.165558,8.254886,1.50
1709,Trip: 14,58.165327,8.254647,2.04
1710,Trip: 14,58.165154,8.255415,2.25
1711,Trip: 14,58.165227,8.255838,2.17
1712,Trip: 14,58.164979,8.256829,2.21
1713,Trip: 14,58.164806,8.257483,2.15
1714,Trip: 14,58.16456,8.25827,1.91
1715,Trip: 14,58.164399,8.259188,2.17
1716,Trip: 14,58.164179,8.259308,2.08
1717,Trip: 14,58.163662,8.259676,2.06
1718,Trip: 14,58.164046,8.260483,2.06
1719,Trip: 14,58.163785,8.261455,0.00
1720,Trip: 14,58.163601,8.262046,0.00
1721,Trip: 14,58.163621,8.262913,3.05
1722,Trip: 14,58.163433,8.263354,3.05
1723,Trip: 14,58.163123,8.264259,0.00
1724,Trip: 14,58.163354,8.265234,0.00
1725,Trip: 14,58.162885,8.265801,2.83
1726,Trip: 14,58.16266,8.266864,0.00
1727,Trip: 14,58.16281,8.267515,0.00
1728,Trip: 14,58.162645,8.268503,0.00
1729,Trip: 14,58.16268,8.26899,0.00
1730,Trip: 14,58.162071,8.269912,0.00
1731,Trip: 14,58.162693,8.270668,0.00
1732,Trip: 14,58.162172,8.270533,0.00
1733,Trip: 14,58.16238,8.270652,0.00
1734,Trip: 14,58.162204,8.270468,2.45
1735,Trip: 14,58.16183,8.270917,2.45
1736,Trip: 14,58.161547,8.270693,2.45
1737,Trip: 14,58.161943,8.270667,2.45
1738,Trip: 14,58.162071,8.27085,2.45
1739,Trip: 14,58.16162,8.270856,2.45
1740,Trip: 14,58.161422,8.270848,2.45
1741,Trip: 14,58.161666,8.270412,0.00
1742,Trip: 14,58.161118,8.270475,0.00
1743,Trip: 14,58.160966,8.270074,0.00
1744,Trip: 14,58.161015,8.270162,5.94
1745,Trip: 14,58.160686,8.269912,5.62
1746,Trip: 14,58.160577,8.269638,4.76
1747,Trip: 14,58.159824,8.26882,5.34
1748,Trip: 14,58.159991,8.268311,4.93
1749,Trip: 14,58.159708,8.267697,4.42
1750,Trip: 14,58.159357,8.268015,3.50
1751,Trip: 14,58.159374,8.267829,2.45
1752,Trip: 14,58.159159,8.267912,1.85
1753,Trip: 14,58.158967,8.267938,1.57
1754,Trip: 15,58.160962,8.270149,0.00
1755,Trip: 15,58.161412,8.270493,3.60
1756,Trip: 15,58.161226,8.27117,0.00
1757,Trip: 15,58.161778,8.271686,0.00
1758,Trip: 15,58.161897,8.271686,0.00
1759,Trip: 15,58.161882,8.271719,0.00
1760,Trip: 15,58.161925,8.271221,0.00
1761,Trip: 15,58.162082,8.271369,0.00
1762,Trip: 15,58.161974,8.27119,0.00
1763,Trip: 15,58.162401,8.271174,0.00
1764,Trip: 15,58.162617,8.270564,0.00
1765,Trip: 15,58.162574,8.269904,0.00
1766,Trip: 15,58.16269,8.269095,0.00
1767,Trip: 15,58.162631,8.268301,0.00
1768,Trip: 15,58.162974,8.267228,0.00
1769,Trip: 15,58.163408,8.266544,0.00
1770,Trip: 15,58.162965,8.265683,0.00
1771,Trip: 15,58.162851,8.265306,0.00
1772,Trip: 15,58.163415,8.264581,0.00
1773,Trip: 15,58.163394,8.263865,2.94
1774,Trip: 15,58.163524,8.263397,2.38
1775,Trip: 15,58.163661,8.26255,2.25
1776,Trip: 15,58.163414,8.261919,2.53
1777,Trip: 15,58.16347,8.260835,2.36
1778,Trip: 15,58.164142,8.260171,2.11
1779,Trip: 15,58.163959,8.259312,2.06
1780,Trip: 15,58.164542,8.259016,2.04
1781,Trip: 15,58.164454,8.258565,2.08
1782,Trip: 15,58.164203,8.258588,1.98
1783,Trip: 15,58.164662,8.257946,1.91
1784,Trip: 15,58.164835,8.256991,2.13
1785,Trip: 15,58.164815,8.256538,2.25
1786,Trip: 15,58.165107,8.255477,2.25
1787,Trip: 15,58.165481,8.254758,2.26
1788,Trip: 15,58.165401,8.254674,2.17
1789,Trip: 15,58.165756,8.254926,2.40
1790,Trip: 15,58.165609,8.254893,1.50
1791,Trip: 15,58.165371,8.254595,2.04
1792,Trip: 15,58.165215,8.255368,2.25
1793,Trip: 15,58.165173,8.255787,2.17
1794,Trip: 15,58.164945,8.256793,2.21
1795,Trip: 15,58.164786,8.25742,2.15
1796,Trip: 15,58.164516,8.258197,1.91
1797,Trip: 15,58.164435,8.259149,2.17
1798,Trip: 15,58.164278,8.259405,2.08
1799,Trip: 15,58.163621,8.25975,2.06
1800,Trip: 15,58.164039,8.260476,2.06
1801,Trip: 15,58.16379,8.261527,0.00
1802,Trip: 15,58.163653,8.262005,0.00
1803,Trip: 15,58.163619,8.262925,3.05
1804,Trip: 15,58.163472,8.263301,3.05
1805,Trip: 15,58.163131,8.264256,0.00
1806,Trip: 15,58.163299,8.265172,0.00
1807,Trip: 15,58.162826,8.265816,2.83
1808,Trip: 15,58.162609,8.266936,0.00
1809,Trip: 15,58.162898,8.267531,0.00
1810,Trip: 15,58.162562,8.268475,0.00
1811,Trip: 15,58.162639,8.268955,0.00
1812,Trip: 15,58.162116,8.269957,0.00
1813,Trip: 15,58.162644,8.27068,0.00
1814,Trip: 15,58.162157,8.270515,0.00
1815,Trip: 15,58.162359,8.270712,0.00
1816,Trip: 15,58.162303,8.270407,2.45
1817,Trip: 15,58.161826,8.270919,2.45
1818,Trip: 15,58.161505,8.27074,2.45
1819,Trip: 15,58.161853,8.270573,2.45
1820,Trip: 15,58.162038,8.27075,2.45
1821,Trip: 15,58.161644,8.270762,2.45
1822,Trip: 15,58.161436,8.270757,2.45
1823,Trip: 15,58.161571,8.270329,0.00
1824,Trip: 15,58.161136,8.270423,0.00
1825,Trip: 15,58.161046,8.270168,0.00
1826,Trip: 15,58.160925,8.270147,5.94
1827,Trip: 15,58.160697,8.269993,5.62
1828,Trip: 15,58.160486,8.269671,4.76
1829,Trip: 15,58.159845,8.268887,5.34
1830,Trip: 15,58.160013,8.268246,4.93
1831,Trip: 15,58.159701,8.267783,4.42
1832,Trip: 15,58.159439,8.26805,3.50
1833,Trip: 15,58.159443,8.267788,2.45
1834,Trip: 15,58.159081,8.26795,1.85
1835,Trip: 15,58.158884,8.267999,1.57
